-- collector-child shared dev baseline
INSERT INTO iot_product_model (id, tenant_id, product_id, model_type, identifier, model_name, data_type, specs_json, sort_no, required_flag, description, create_time, update_time, deleted) VALUES
    (202604110200001, 1, 202603192100560259, 'property', 'temp', '??', 'double', JSON_OBJECT('unit', '?', 'category', 'collector_status'), 1, 0, 'collector runtime temperature', NOW(), NOW(), 0),
    (202604110200002, 1, 202603192100560259, 'property', 'humidity', '??', 'double', JSON_OBJECT('unit', '%', 'category', 'collector_status'), 2, 0, 'collector runtime humidity', NOW(), NOW(), 0),
    (202604110200003, 1, 202603192100560259, 'property', 'signal_4g', '4G????', 'int', JSON_OBJECT('unit', 'dBm', 'category', 'collector_status'), 3, 0, 'collector runtime 4g signal', NOW(), NOW(), 0),
    (202604110200011, 1, 202603192100560258, 'property', 'value', '?????', 'double', JSON_OBJECT('unit', 'mm', 'precision', 4), 1, 0, 'laser rangefinder measurement', NOW(), NOW(), 0),
    (202604110200012, 1, 202603192100560258, 'property', 'sensor_state', '?????', 'int', JSON_OBJECT('category', 'state'), 2, 0, 'laser sensor state', NOW(), NOW(), 0),
    (202604110200021, 1, 202603192100560250, 'property', 'dispsX', '??????????', 'double', JSON_OBJECT('unit', 'mm', 'precision', 4), 1, 0, 'deep displacement along slope', NOW(), NOW(), 0),
    (202604110200022, 1, 202603192100560250, 'property', 'dispsY', '???????????', 'double', JSON_OBJECT('unit', 'mm', 'precision', 4), 2, 0, 'deep displacement perpendicular to slope', NOW(), NOW(), 0),
    (202604110200023, 1, 202603192100560250, 'property', 'sensor_state', '?????', 'int', JSON_OBJECT('category', 'state'), 3, 0, 'deep displacement sensor state', NOW(), NOW(), 0)
ON DUPLICATE KEY UPDATE
    model_name = VALUES(model_name),
    data_type = VALUES(data_type),
    specs_json = VALUES(specs_json),
    sort_no = VALUES(sort_no),
    required_flag = VALUES(required_flag),
    description = VALUES(description),
    update_time = NOW(),
    deleted = 0;

UPDATE iot_product
SET metadata_json = JSON_SET(COALESCE(metadata_json, JSON_OBJECT()), '$.objectInsight', JSON_OBJECT('customMetrics', JSON_ARRAY(JSON_OBJECT('identifier', 'temp', 'displayName', '??', 'enabled', TRUE, 'includeInTrend', TRUE, 'includeInExtension', TRUE, 'sortNo', 10), JSON_OBJECT('identifier', 'humidity', 'displayName', '??', 'enabled', TRUE, 'includeInTrend', TRUE, 'includeInExtension', TRUE, 'sortNo', 20), JSON_OBJECT('identifier', 'signal_4g', 'displayName', '4G????', 'enabled', TRUE, 'includeInTrend', FALSE, 'includeInExtension', TRUE, 'sortNo', 30)))),
    update_by = 1,
    update_time = NOW(),
    deleted = 0
WHERE tenant_id = 1 AND product_key = 'nf-collect-rtu-v1' AND deleted = 0;

UPDATE iot_product
SET metadata_json = JSON_SET(COALESCE(metadata_json, JSON_OBJECT()), '$.objectInsight', JSON_OBJECT('customMetrics', JSON_ARRAY(JSON_OBJECT('identifier', 'value', 'displayName', '?????', 'enabled', TRUE, 'includeInTrend', TRUE, 'includeInExtension', TRUE, 'sortNo', 10), JSON_OBJECT('identifier', 'sensor_state', 'displayName', '?????', 'enabled', TRUE, 'includeInTrend', TRUE, 'includeInExtension', TRUE, 'sortNo', 20)))),
    update_by = 1,
    update_time = NOW(),
    deleted = 0
WHERE tenant_id = 1 AND product_key = 'nf-monitor-laser-rangefinder-v1' AND deleted = 0;

UPDATE iot_product
SET metadata_json = JSON_SET(COALESCE(metadata_json, JSON_OBJECT()), '$.objectInsight', JSON_OBJECT('customMetrics', JSON_ARRAY(JSON_OBJECT('identifier', 'dispsX', 'displayName', '??????????', 'enabled', TRUE, 'includeInTrend', TRUE, 'includeInExtension', TRUE, 'sortNo', 10), JSON_OBJECT('identifier', 'dispsY', 'displayName', '???????????', 'enabled', TRUE, 'includeInTrend', TRUE, 'includeInExtension', TRUE, 'sortNo', 20), JSON_OBJECT('identifier', 'sensor_state', 'displayName', '?????', 'enabled', TRUE, 'includeInTrend', TRUE, 'includeInExtension', TRUE, 'sortNo', 30)))),
    update_by = 1,
    update_time = NOW(),
    deleted = 0
WHERE tenant_id = 1 AND product_key = 'nf-monitor-deep-displacement-v1' AND deleted = 0;

INSERT INTO iot_device (id, tenant_id, org_id, org_name, product_id, device_name, device_code, device_secret, client_id, username, password, protocol_code, node_type, online_status, activate_status, device_status, firmware_version, ip_address, last_online_time, last_report_time, longitude, latitude, address, metadata_json, remark, create_by, create_time, update_by, update_time, deleted) VALUES
    (202604110300001, 1, 7101, '??????', 202603192100560259, 'NF-COLLECTOR-SK00EA0D1307988', 'SK00EA0D1307988', '123456', 'SK00EA0D1307988', 'SK00EA0D1307988', '123456', 'mqtt-json', 1, 1, 1, 1, '1.0.0', NULL, DATE_SUB(NOW(), INTERVAL 30 MINUTE), DATE_SUB(NOW(), INTERVAL 5 MINUTE), NULL, NULL, 'shared-dev-laser', JSON_OBJECT('seedFamily', 'laser-collector'), 'collector child shared dev baseline', 1, NOW(), 1, NOW(), 0),
    (202604110300002, 1, 7101, '??????', 202603192100560259, 'NF-COLLECTOR-SK00EA0D1307967', 'SK00EA0D1307967', '123456', 'SK00EA0D1307967', 'SK00EA0D1307967', '123456', 'mqtt-json', 1, 1, 1, 1, '1.0.0', NULL, DATE_SUB(NOW(), INTERVAL 30 MINUTE), DATE_SUB(NOW(), INTERVAL 5 MINUTE), NULL, NULL, 'shared-dev-laser', JSON_OBJECT('seedFamily', 'laser-collector'), 'collector child shared dev baseline', 1, NOW(), 1, NOW(), 0),
    (202604110300003, 1, 7101, '??????', 202603192100560259, 'NF-COLLECTOR-SK00EA0D1307986', 'SK00EA0D1307986', '123456', 'SK00EA0D1307986', 'SK00EA0D1307986', '123456', 'mqtt-json', 1, 1, 1, 1, '1.0.0', NULL, DATE_SUB(NOW(), INTERVAL 30 MINUTE), DATE_SUB(NOW(), INTERVAL 5 MINUTE), NULL, NULL, 'shared-dev-laser', JSON_OBJECT('seedFamily', 'laser-collector'), 'collector child shared dev baseline', 1, NOW(), 1, NOW(), 0),
    (202604110300004, 1, 7101, '??????', 202603192100560259, 'NF-COLLECTOR-SK00EA0D1307987', 'SK00EA0D1307987', '123456', 'SK00EA0D1307987', 'SK00EA0D1307987', '123456', 'mqtt-json', 1, 1, 1, 1, '1.0.0', NULL, DATE_SUB(NOW(), INTERVAL 30 MINUTE), DATE_SUB(NOW(), INTERVAL 5 MINUTE), NULL, NULL, 'shared-dev-laser', JSON_OBJECT('seedFamily', 'laser-collector'), 'collector child shared dev baseline', 1, NOW(), 1, NOW(), 0),
    (202604110300005, 1, 7101, '??????', 202603192100560259, 'NF-COLLECTOR-SK00EA0D1308009', 'SK00EA0D1308009', '123456', 'SK00EA0D1308009', 'SK00EA0D1308009', '123456', 'mqtt-json', 1, 1, 1, 1, '1.0.0', NULL, DATE_SUB(NOW(), INTERVAL 30 MINUTE), DATE_SUB(NOW(), INTERVAL 5 MINUTE), NULL, NULL, 'shared-dev-laser', JSON_OBJECT('seedFamily', 'laser-collector'), 'collector child shared dev baseline', 1, NOW(), 1, NOW(), 0),
    (202604110300006, 1, 7101, '??????', 202603192100560259, 'NF-COLLECTOR-SK00EA0D1307984', 'SK00EA0D1307984', '123456', 'SK00EA0D1307984', 'SK00EA0D1307984', '123456', 'mqtt-json', 1, 1, 1, 1, '1.0.0', NULL, DATE_SUB(NOW(), INTERVAL 30 MINUTE), DATE_SUB(NOW(), INTERVAL 5 MINUTE), NULL, NULL, 'shared-dev-laser', JSON_OBJECT('seedFamily', 'laser-collector'), 'collector child shared dev baseline', 1, NOW(), 1, NOW(), 0),
    (202604110300007, 1, 7101, '??????', 202603192100560259, 'NF-COLLECTOR-SK00EA0D1308006', 'SK00EA0D1308006', '123456', 'SK00EA0D1308006', 'SK00EA0D1308006', '123456', 'mqtt-json', 1, 1, 1, 1, '1.0.0', NULL, DATE_SUB(NOW(), INTERVAL 30 MINUTE), DATE_SUB(NOW(), INTERVAL 5 MINUTE), NULL, NULL, 'shared-dev-laser', JSON_OBJECT('seedFamily', 'laser-collector'), 'collector child shared dev baseline', 1, NOW(), 1, NOW(), 0),
    (202604110300008, 1, 7101, '??????', 202603192100560259, 'NF-COLLECTOR-SK00EA0D1307968', 'SK00EA0D1307968', '123456', 'SK00EA0D1307968', 'SK00EA0D1307968', '123456', 'mqtt-json', 1, 1, 1, 1, '1.0.0', NULL, DATE_SUB(NOW(), INTERVAL 30 MINUTE), DATE_SUB(NOW(), INTERVAL 5 MINUTE), NULL, NULL, 'shared-dev-laser', JSON_OBJECT('seedFamily', 'laser-collector'), 'collector child shared dev baseline', 1, NOW(), 1, NOW(), 0),
    (202604110300009, 1, 7101, '??????', 202603192100560259, 'NF-COLLECTOR-SK00E90D1307874', 'SK00E90D1307874', '123456', 'SK00E90D1307874', 'SK00E90D1307874', '123456', 'mqtt-json', 1, 1, 1, 1, '1.0.0', NULL, DATE_SUB(NOW(), INTERVAL 30 MINUTE), DATE_SUB(NOW(), INTERVAL 5 MINUTE), NULL, NULL, 'shared-dev-laser', JSON_OBJECT('seedFamily', 'laser-collector'), 'collector child shared dev baseline', 1, NOW(), 1, NOW(), 0),
    (202604110300010, 1, 7101, '??????', 202603192100560259, 'NF-COLLECTOR-SK00EA0D1307992', 'SK00EA0D1307992', '123456', 'SK00EA0D1307992', 'SK00EA0D1307992', '123456', 'mqtt-json', 1, 1, 1, 1, '1.0.0', NULL, DATE_SUB(NOW(), INTERVAL 30 MINUTE), DATE_SUB(NOW(), INTERVAL 5 MINUTE), NULL, NULL, 'shared-dev-laser', JSON_OBJECT('seedFamily', 'laser-collector'), 'collector child shared dev baseline', 1, NOW(), 1, NOW(), 0),
    (202604110300101, 1, 7101, '??????', 202603192100560259, 'NF-COLLECTOR-SK00FB0D1310195', 'SK00FB0D1310195', '123456', 'SK00FB0D1310195', 'SK00FB0D1310195', '123456', 'mqtt-json', 1, 1, 1, 1, '1.0.0', NULL, DATE_SUB(NOW(), INTERVAL 30 MINUTE), DATE_SUB(NOW(), INTERVAL 5 MINUTE), NULL, NULL, 'shared-dev-deep', JSON_OBJECT('seedFamily', 'deep-collector'), 'collector child shared dev baseline', 1, NOW(), 1, NOW(), 0),
    (202604110300102, 1, 7101, '??????', 202603192100560259, 'NF-COLLECTOR-SK00FB0D1310216', 'SK00FB0D1310216', '123456', 'SK00FB0D1310216', 'SK00FB0D1310216', '123456', 'mqtt-json', 1, 1, 1, 1, '1.0.0', NULL, DATE_SUB(NOW(), INTERVAL 30 MINUTE), DATE_SUB(NOW(), INTERVAL 5 MINUTE), NULL, NULL, 'shared-dev-deep', JSON_OBJECT('seedFamily', 'deep-collector'), 'collector child shared dev baseline', 1, NOW(), 1, NOW(), 0),
    (202604110300103, 1, 7101, '??????', 202603192100560259, 'NF-COLLECTOR-SK00FB0D1310215', 'SK00FB0D1310215', '123456', 'SK00FB0D1310215', 'SK00FB0D1310215', '123456', 'mqtt-json', 1, 1, 1, 1, '1.0.0', NULL, DATE_SUB(NOW(), INTERVAL 30 MINUTE), DATE_SUB(NOW(), INTERVAL 5 MINUTE), NULL, NULL, 'shared-dev-deep', JSON_OBJECT('seedFamily', 'deep-collector'), 'collector child shared dev baseline', 1, NOW(), 1, NOW(), 0),
    (202604110300104, 1, 7101, '??????', 202603192100560259, 'NF-COLLECTOR-SK00FB0D1310000', 'SK00FB0D1310000', '123456', 'SK00FB0D1310000', 'SK00FB0D1310000', '123456', 'mqtt-json', 1, 1, 1, 1, '1.0.0', NULL, DATE_SUB(NOW(), INTERVAL 30 MINUTE), DATE_SUB(NOW(), INTERVAL 5 MINUTE), NULL, NULL, 'shared-dev-deep', JSON_OBJECT('seedFamily', 'deep-collector'), 'collector child shared dev baseline', 1, NOW(), 1, NOW(), 0),
    (202604110300201, 1, 7101, '??????', 202603192100560250, 'NF-DEEP-SINGLE-SK00EB0D1308310', 'SK00EB0D1308310', '123456', 'SK00EB0D1308310', 'SK00EB0D1308310', '123456', 'mqtt-json', 1, 1, 1, 1, '1.0.0', NULL, DATE_SUB(NOW(), INTERVAL 20 MINUTE), DATE_SUB(NOW(), INTERVAL 3 MINUTE), NULL, NULL, 'shared-dev-deep-single', JSON_OBJECT('seedFamily', 'deep-single'), 'single deep displacement baseline', 1, NOW(), 1, NOW(), 0),
    (202018108, 1, 7101, '??????', 202603192100560258, 'NF-LASER-202018108', '202018108', '123456', '202018108', '202018108', '123456', 'mqtt-json', 1, 1, 1, 1, '1.0.0', NULL, DATE_SUB(NOW(), INTERVAL 15 MINUTE), DATE_SUB(NOW(), INTERVAL 2 MINUTE), NULL, NULL, 'shared-dev-laser-child', JSON_OBJECT('seedFamily', 'laser-child'), 'laser child baseline', 1, NOW(), 1, NOW(), 0),
    (202018109, 1, 7101, '??????', 202603192100560258, 'NF-LASER-202018109', '202018109', '123456', '202018109', '202018109', '123456', 'mqtt-json', 1, 1, 1, 1, '1.0.0', NULL, DATE_SUB(NOW(), INTERVAL 15 MINUTE), DATE_SUB(NOW(), INTERVAL 2 MINUTE), NULL, NULL, 'shared-dev-laser-child', JSON_OBJECT('seedFamily', 'laser-child'), 'laser child baseline', 1, NOW(), 1, NOW(), 0),
    (202018110, 1, 7101, '??????', 202603192100560258, 'NF-LASER-202018110', '202018110', '123456', '202018110', '202018110', '123456', 'mqtt-json', 1, 1, 1, 1, '1.0.0', NULL, DATE_SUB(NOW(), INTERVAL 15 MINUTE), DATE_SUB(NOW(), INTERVAL 2 MINUTE), NULL, NULL, 'shared-dev-laser-child', JSON_OBJECT('seedFamily', 'laser-child'), 'laser child baseline', 1, NOW(), 1, NOW(), 0),
    (202018111, 1, 7101, '??????', 202603192100560258, 'NF-LASER-202018111', '202018111', '123456', '202018111', '202018111', '123456', 'mqtt-json', 1, 1, 1, 1, '1.0.0', NULL, DATE_SUB(NOW(), INTERVAL 15 MINUTE), DATE_SUB(NOW(), INTERVAL 2 MINUTE), NULL, NULL, 'shared-dev-laser-child', JSON_OBJECT('seedFamily', 'laser-child'), 'laser child baseline', 1, NOW(), 1, NOW(), 0),
    (202018112, 1, 7101, '??????', 202603192100560258, 'NF-LASER-202018112', '202018112', '123456', '202018112', '202018112', '123456', 'mqtt-json', 1, 1, 1, 1, '1.0.0', NULL, DATE_SUB(NOW(), INTERVAL 15 MINUTE), DATE_SUB(NOW(), INTERVAL 2 MINUTE), NULL, NULL, 'shared-dev-laser-child', JSON_OBJECT('seedFamily', 'laser-child'), 'laser child baseline', 1, NOW(), 1, NOW(), 0),
    (202018113, 1, 7101, '??????', 202603192100560258, 'NF-LASER-202018113', '202018113', '123456', '202018113', '202018113', '123456', 'mqtt-json', 1, 1, 1, 1, '1.0.0', NULL, DATE_SUB(NOW(), INTERVAL 15 MINUTE), DATE_SUB(NOW(), INTERVAL 2 MINUTE), NULL, NULL, 'shared-dev-laser-child', JSON_OBJECT('seedFamily', 'laser-child'), 'laser child baseline', 1, NOW(), 1, NOW(), 0),
    (202018114, 1, 7101, '??????', 202603192100560258, 'NF-LASER-202018114', '202018114', '123456', '202018114', '202018114', '123456', 'mqtt-json', 1, 1, 1, 1, '1.0.0', NULL, DATE_SUB(NOW(), INTERVAL 15 MINUTE), DATE_SUB(NOW(), INTERVAL 2 MINUTE), NULL, NULL, 'shared-dev-laser-child', JSON_OBJECT('seedFamily', 'laser-child'), 'laser child baseline', 1, NOW(), 1, NOW(), 0),
    (202018115, 1, 7101, '??????', 202603192100560258, 'NF-LASER-202018115', '202018115', '123456', '202018115', '202018115', '123456', 'mqtt-json', 1, 1, 1, 1, '1.0.0', NULL, DATE_SUB(NOW(), INTERVAL 15 MINUTE), DATE_SUB(NOW(), INTERVAL 2 MINUTE), NULL, NULL, 'shared-dev-laser-child', JSON_OBJECT('seedFamily', 'laser-child'), 'laser child baseline', 1, NOW(), 1, NOW(), 0),
    (202018116, 1, 7101, '??????', 202603192100560258, 'NF-LASER-202018116', '202018116', '123456', '202018116', '202018116', '123456', 'mqtt-json', 1, 1, 1, 1, '1.0.0', NULL, DATE_SUB(NOW(), INTERVAL 15 MINUTE), DATE_SUB(NOW(), INTERVAL 2 MINUTE), NULL, NULL, 'shared-dev-laser-child', JSON_OBJECT('seedFamily', 'laser-child'), 'laser child baseline', 1, NOW(), 1, NOW(), 0),
    (202018117, 1, 7101, '??????', 202603192100560258, 'NF-LASER-202018117', '202018117', '123456', '202018117', '202018117', '123456', 'mqtt-json', 1, 1, 1, 1, '1.0.0', NULL, DATE_SUB(NOW(), INTERVAL 15 MINUTE), DATE_SUB(NOW(), INTERVAL 2 MINUTE), NULL, NULL, 'shared-dev-laser-child', JSON_OBJECT('seedFamily', 'laser-child'), 'laser child baseline', 1, NOW(), 1, NOW(), 0),
    (202018118, 1, 7101, '??????', 202603192100560258, 'NF-LASER-202018118', '202018118', '123456', '202018118', '202018118', '123456', 'mqtt-json', 1, 1, 1, 1, '1.0.0', NULL, DATE_SUB(NOW(), INTERVAL 15 MINUTE), DATE_SUB(NOW(), INTERVAL 2 MINUTE), NULL, NULL, 'shared-dev-laser-child', JSON_OBJECT('seedFamily', 'laser-child'), 'laser child baseline', 1, NOW(), 1, NOW(), 0),
    (202018119, 1, 7101, '??????', 202603192100560258, 'NF-LASER-202018119', '202018119', '123456', '202018119', '202018119', '123456', 'mqtt-json', 1, 1, 1, 1, '1.0.0', NULL, DATE_SUB(NOW(), INTERVAL 15 MINUTE), DATE_SUB(NOW(), INTERVAL 2 MINUTE), NULL, NULL, 'shared-dev-laser-child', JSON_OBJECT('seedFamily', 'laser-child'), 'laser child baseline', 1, NOW(), 1, NOW(), 0),
    (202018120, 1, 7101, '??????', 202603192100560258, 'NF-LASER-202018120', '202018120', '123456', '202018120', '202018120', '123456', 'mqtt-json', 1, 1, 1, 1, '1.0.0', NULL, DATE_SUB(NOW(), INTERVAL 15 MINUTE), DATE_SUB(NOW(), INTERVAL 2 MINUTE), NULL, NULL, 'shared-dev-laser-child', JSON_OBJECT('seedFamily', 'laser-child'), 'laser child baseline', 1, NOW(), 1, NOW(), 0),
    (202018121, 1, 7101, '??????', 202603192100560258, 'NF-LASER-202018121', '202018121', '123456', '202018121', '202018121', '123456', 'mqtt-json', 1, 1, 1, 1, '1.0.0', NULL, DATE_SUB(NOW(), INTERVAL 15 MINUTE), DATE_SUB(NOW(), INTERVAL 2 MINUTE), NULL, NULL, 'shared-dev-laser-child', JSON_OBJECT('seedFamily', 'laser-child'), 'laser child baseline', 1, NOW(), 1, NOW(), 0),
    (202018122, 1, 7101, '??????', 202603192100560258, 'NF-LASER-202018122', '202018122', '123456', '202018122', '202018122', '123456', 'mqtt-json', 1, 1, 1, 1, '1.0.0', NULL, DATE_SUB(NOW(), INTERVAL 15 MINUTE), DATE_SUB(NOW(), INTERVAL 2 MINUTE), NULL, NULL, 'shared-dev-laser-child', JSON_OBJECT('seedFamily', 'laser-child'), 'laser child baseline', 1, NOW(), 1, NOW(), 0),
    (202018123, 1, 7101, '??????', 202603192100560258, 'NF-LASER-202018123', '202018123', '123456', '202018123', '202018123', '123456', 'mqtt-json', 1, 1, 1, 1, '1.0.0', NULL, DATE_SUB(NOW(), INTERVAL 15 MINUTE), DATE_SUB(NOW(), INTERVAL 2 MINUTE), NULL, NULL, 'shared-dev-laser-child', JSON_OBJECT('seedFamily', 'laser-child'), 'laser child baseline', 1, NOW(), 1, NOW(), 0),
    (202018124, 1, 7101, '??????', 202603192100560258, 'NF-LASER-202018124', '202018124', '123456', '202018124', '202018124', '123456', 'mqtt-json', 1, 1, 1, 1, '1.0.0', NULL, DATE_SUB(NOW(), INTERVAL 15 MINUTE), DATE_SUB(NOW(), INTERVAL 2 MINUTE), NULL, NULL, 'shared-dev-laser-child', JSON_OBJECT('seedFamily', 'laser-child'), 'laser child baseline', 1, NOW(), 1, NOW(), 0),
    (202018125, 1, 7101, '??????', 202603192100560258, 'NF-LASER-202018125', '202018125', '123456', '202018125', '202018125', '123456', 'mqtt-json', 1, 1, 1, 1, '1.0.0', NULL, DATE_SUB(NOW(), INTERVAL 15 MINUTE), DATE_SUB(NOW(), INTERVAL 2 MINUTE), NULL, NULL, 'shared-dev-laser-child', JSON_OBJECT('seedFamily', 'laser-child'), 'laser child baseline', 1, NOW(), 1, NOW(), 0),
    (202018126, 1, 7101, '??????', 202603192100560258, 'NF-LASER-202018126', '202018126', '123456', '202018126', '202018126', '123456', 'mqtt-json', 1, 1, 1, 1, '1.0.0', NULL, DATE_SUB(NOW(), INTERVAL 15 MINUTE), DATE_SUB(NOW(), INTERVAL 2 MINUTE), NULL, NULL, 'shared-dev-laser-child', JSON_OBJECT('seedFamily', 'laser-child'), 'laser child baseline', 1, NOW(), 1, NOW(), 0),
    (202018127, 1, 7101, '??????', 202603192100560258, 'NF-LASER-202018127', '202018127', '123456', '202018127', '202018127', '123456', 'mqtt-json', 1, 1, 1, 1, '1.0.0', NULL, DATE_SUB(NOW(), INTERVAL 15 MINUTE), DATE_SUB(NOW(), INTERVAL 2 MINUTE), NULL, NULL, 'shared-dev-laser-child', JSON_OBJECT('seedFamily', 'laser-child'), 'laser child baseline', 1, NOW(), 1, NOW(), 0),
    (202018128, 1, 7101, '??????', 202603192100560258, 'NF-LASER-202018128', '202018128', '123456', '202018128', '202018128', '123456', 'mqtt-json', 1, 1, 1, 1, '1.0.0', NULL, DATE_SUB(NOW(), INTERVAL 15 MINUTE), DATE_SUB(NOW(), INTERVAL 2 MINUTE), NULL, NULL, 'shared-dev-laser-child', JSON_OBJECT('seedFamily', 'laser-child'), 'laser child baseline', 1, NOW(), 1, NOW(), 0),
    (202018129, 1, 7101, '??????', 202603192100560258, 'NF-LASER-202018129', '202018129', '123456', '202018129', '202018129', '123456', 'mqtt-json', 1, 1, 1, 1, '1.0.0', NULL, DATE_SUB(NOW(), INTERVAL 15 MINUTE), DATE_SUB(NOW(), INTERVAL 2 MINUTE), NULL, NULL, 'shared-dev-laser-child', JSON_OBJECT('seedFamily', 'laser-child'), 'laser child baseline', 1, NOW(), 1, NOW(), 0),
    (202018130, 1, 7101, '??????', 202603192100560258, 'NF-LASER-202018130', '202018130', '123456', '202018130', '202018130', '123456', 'mqtt-json', 1, 1, 1, 1, '1.0.0', NULL, DATE_SUB(NOW(), INTERVAL 15 MINUTE), DATE_SUB(NOW(), INTERVAL 2 MINUTE), NULL, NULL, 'shared-dev-laser-child', JSON_OBJECT('seedFamily', 'laser-child'), 'laser child baseline', 1, NOW(), 1, NOW(), 0),
    (202018131, 1, 7101, '??????', 202603192100560258, 'NF-LASER-202018131', '202018131', '123456', '202018131', '202018131', '123456', 'mqtt-json', 1, 1, 1, 1, '1.0.0', NULL, DATE_SUB(NOW(), INTERVAL 15 MINUTE), DATE_SUB(NOW(), INTERVAL 2 MINUTE), NULL, NULL, 'shared-dev-laser-child', JSON_OBJECT('seedFamily', 'laser-child'), 'laser child baseline', 1, NOW(), 1, NOW(), 0),
    (202018132, 1, 7101, '??????', 202603192100560258, 'NF-LASER-202018132', '202018132', '123456', '202018132', '202018132', '123456', 'mqtt-json', 1, 1, 1, 1, '1.0.0', NULL, DATE_SUB(NOW(), INTERVAL 15 MINUTE), DATE_SUB(NOW(), INTERVAL 2 MINUTE), NULL, NULL, 'shared-dev-laser-child', JSON_OBJECT('seedFamily', 'laser-child'), 'laser child baseline', 1, NOW(), 1, NOW(), 0),
    (202018133, 1, 7101, '??????', 202603192100560258, 'NF-LASER-202018133', '202018133', '123456', '202018133', '202018133', '123456', 'mqtt-json', 1, 1, 1, 1, '1.0.0', NULL, DATE_SUB(NOW(), INTERVAL 15 MINUTE), DATE_SUB(NOW(), INTERVAL 2 MINUTE), NULL, NULL, 'shared-dev-laser-child', JSON_OBJECT('seedFamily', 'laser-child'), 'laser child baseline', 1, NOW(), 1, NOW(), 0),
    (202018134, 1, 7101, '??????', 202603192100560258, 'NF-LASER-202018134', '202018134', '123456', '202018134', '202018134', '123456', 'mqtt-json', 1, 1, 1, 1, '1.0.0', NULL, DATE_SUB(NOW(), INTERVAL 15 MINUTE), DATE_SUB(NOW(), INTERVAL 2 MINUTE), NULL, NULL, 'shared-dev-laser-child', JSON_OBJECT('seedFamily', 'laser-child'), 'laser child baseline', 1, NOW(), 1, NOW(), 0),
    (202018135, 1, 7101, '??????', 202603192100560258, 'NF-LASER-202018135', '202018135', '123456', '202018135', '202018135', '123456', 'mqtt-json', 1, 1, 1, 1, '1.0.0', NULL, DATE_SUB(NOW(), INTERVAL 15 MINUTE), DATE_SUB(NOW(), INTERVAL 2 MINUTE), NULL, NULL, 'shared-dev-laser-child', JSON_OBJECT('seedFamily', 'laser-child'), 'laser child baseline', 1, NOW(), 1, NOW(), 0),
    (202018136, 1, 7101, '??????', 202603192100560258, 'NF-LASER-202018136', '202018136', '123456', '202018136', '202018136', '123456', 'mqtt-json', 1, 1, 1, 1, '1.0.0', NULL, DATE_SUB(NOW(), INTERVAL 15 MINUTE), DATE_SUB(NOW(), INTERVAL 2 MINUTE), NULL, NULL, 'shared-dev-laser-child', JSON_OBJECT('seedFamily', 'laser-child'), 'laser child baseline', 1, NOW(), 1, NOW(), 0),
    (202018137, 1, 7101, '??????', 202603192100560258, 'NF-LASER-202018137', '202018137', '123456', '202018137', '202018137', '123456', 'mqtt-json', 1, 1, 1, 1, '1.0.0', NULL, DATE_SUB(NOW(), INTERVAL 15 MINUTE), DATE_SUB(NOW(), INTERVAL 2 MINUTE), NULL, NULL, 'shared-dev-laser-child', JSON_OBJECT('seedFamily', 'laser-child'), 'laser child baseline', 1, NOW(), 1, NOW(), 0),
    (202018138, 1, 7101, '??????', 202603192100560258, 'NF-LASER-202018138', '202018138', '123456', '202018138', '202018138', '123456', 'mqtt-json', 1, 1, 1, 1, '1.0.0', NULL, DATE_SUB(NOW(), INTERVAL 15 MINUTE), DATE_SUB(NOW(), INTERVAL 2 MINUTE), NULL, NULL, 'shared-dev-laser-child', JSON_OBJECT('seedFamily', 'laser-child'), 'laser child baseline', 1, NOW(), 1, NOW(), 0),
    (202018139, 1, 7101, '??????', 202603192100560258, 'NF-LASER-202018139', '202018139', '123456', '202018139', '202018139', '123456', 'mqtt-json', 1, 1, 1, 1, '1.0.0', NULL, DATE_SUB(NOW(), INTERVAL 15 MINUTE), DATE_SUB(NOW(), INTERVAL 2 MINUTE), NULL, NULL, 'shared-dev-laser-child', JSON_OBJECT('seedFamily', 'laser-child'), 'laser child baseline', 1, NOW(), 1, NOW(), 0),
    (202018140, 1, 7101, '??????', 202603192100560258, 'NF-LASER-202018140', '202018140', '123456', '202018140', '202018140', '123456', 'mqtt-json', 1, 1, 1, 1, '1.0.0', NULL, DATE_SUB(NOW(), INTERVAL 15 MINUTE), DATE_SUB(NOW(), INTERVAL 2 MINUTE), NULL, NULL, 'shared-dev-laser-child', JSON_OBJECT('seedFamily', 'laser-child'), 'laser child baseline', 1, NOW(), 1, NOW(), 0),
    (202018141, 1, 7101, '??????', 202603192100560258, 'NF-LASER-202018141', '202018141', '123456', '202018141', '202018141', '123456', 'mqtt-json', 1, 1, 1, 1, '1.0.0', NULL, DATE_SUB(NOW(), INTERVAL 15 MINUTE), DATE_SUB(NOW(), INTERVAL 2 MINUTE), NULL, NULL, 'shared-dev-laser-child', JSON_OBJECT('seedFamily', 'laser-child'), 'laser child baseline', 1, NOW(), 1, NOW(), 0),
    (202018142, 1, 7101, '??????', 202603192100560258, 'NF-LASER-202018142', '202018142', '123456', '202018142', '202018142', '123456', 'mqtt-json', 1, 1, 1, 1, '1.0.0', NULL, DATE_SUB(NOW(), INTERVAL 15 MINUTE), DATE_SUB(NOW(), INTERVAL 2 MINUTE), NULL, NULL, 'shared-dev-laser-child', JSON_OBJECT('seedFamily', 'laser-child'), 'laser child baseline', 1, NOW(), 1, NOW(), 0),
    (202018143, 1, 7101, '??????', 202603192100560258, 'NF-LASER-202018143', '202018143', '123456', '202018143', '202018143', '123456', 'mqtt-json', 1, 1, 1, 1, '1.0.0', NULL, DATE_SUB(NOW(), INTERVAL 15 MINUTE), DATE_SUB(NOW(), INTERVAL 2 MINUTE), NULL, NULL, 'shared-dev-laser-child', JSON_OBJECT('seedFamily', 'laser-child'), 'laser child baseline', 1, NOW(), 1, NOW(), 0),
    (202018144, 1, 7101, '??????', 202603192100560258, 'NF-LASER-202018144', '202018144', '123456', '202018144', '202018144', '123456', 'mqtt-json', 1, 1, 1, 1, '1.0.0', NULL, DATE_SUB(NOW(), INTERVAL 15 MINUTE), DATE_SUB(NOW(), INTERVAL 2 MINUTE), NULL, NULL, 'shared-dev-laser-child', JSON_OBJECT('seedFamily', 'laser-child'), 'laser child baseline', 1, NOW(), 1, NOW(), 0),
    (202018145, 1, 7101, '??????', 202603192100560258, 'NF-LASER-202018145', '202018145', '123456', '202018145', '202018145', '123456', 'mqtt-json', 1, 1, 1, 1, '1.0.0', NULL, DATE_SUB(NOW(), INTERVAL 15 MINUTE), DATE_SUB(NOW(), INTERVAL 2 MINUTE), NULL, NULL, 'shared-dev-laser-child', JSON_OBJECT('seedFamily', 'laser-child'), 'laser child baseline', 1, NOW(), 1, NOW(), 0),
    (202018186, 1, 7101, '??????', 202603192100560258, 'NF-LASER-202018186', '202018186', '123456', '202018186', '202018186', '123456', 'mqtt-json', 1, 1, 1, 1, '1.0.0', NULL, DATE_SUB(NOW(), INTERVAL 15 MINUTE), DATE_SUB(NOW(), INTERVAL 2 MINUTE), NULL, NULL, 'shared-dev-laser-child', JSON_OBJECT('seedFamily', 'laser-child'), 'laser child baseline', 1, NOW(), 1, NOW(), 0),
    (202018187, 1, 7101, '??????', 202603192100560258, 'NF-LASER-202018187', '202018187', '123456', '202018187', '202018187', '123456', 'mqtt-json', 1, 1, 1, 1, '1.0.0', NULL, DATE_SUB(NOW(), INTERVAL 15 MINUTE), DATE_SUB(NOW(), INTERVAL 2 MINUTE), NULL, NULL, 'shared-dev-laser-child', JSON_OBJECT('seedFamily', 'laser-child'), 'laser child baseline', 1, NOW(), 1, NOW(), 0),
    (202018188, 1, 7101, '??????', 202603192100560258, 'NF-LASER-202018188', '202018188', '123456', '202018188', '202018188', '123456', 'mqtt-json', 1, 1, 1, 1, '1.0.0', NULL, DATE_SUB(NOW(), INTERVAL 15 MINUTE), DATE_SUB(NOW(), INTERVAL 2 MINUTE), NULL, NULL, 'shared-dev-laser-child', JSON_OBJECT('seedFamily', 'laser-child'), 'laser child baseline', 1, NOW(), 1, NOW(), 0),
    (202018189, 1, 7101, '??????', 202603192100560258, 'NF-LASER-202018189', '202018189', '123456', '202018189', '202018189', '123456', 'mqtt-json', 1, 1, 1, 1, '1.0.0', NULL, DATE_SUB(NOW(), INTERVAL 15 MINUTE), DATE_SUB(NOW(), INTERVAL 2 MINUTE), NULL, NULL, 'shared-dev-laser-child', JSON_OBJECT('seedFamily', 'laser-child'), 'laser child baseline', 1, NOW(), 1, NOW(), 0),
    (202018190, 1, 7101, '??????', 202603192100560258, 'NF-LASER-202018190', '202018190', '123456', '202018190', '202018190', '123456', 'mqtt-json', 1, 1, 1, 1, '1.0.0', NULL, DATE_SUB(NOW(), INTERVAL 15 MINUTE), DATE_SUB(NOW(), INTERVAL 2 MINUTE), NULL, NULL, 'shared-dev-laser-child', JSON_OBJECT('seedFamily', 'laser-child'), 'laser child baseline', 1, NOW(), 1, NOW(), 0),
    (202018191, 1, 7101, '??????', 202603192100560258, 'NF-LASER-202018191', '202018191', '123456', '202018191', '202018191', '123456', 'mqtt-json', 1, 1, 1, 1, '1.0.0', NULL, DATE_SUB(NOW(), INTERVAL 15 MINUTE), DATE_SUB(NOW(), INTERVAL 2 MINUTE), NULL, NULL, 'shared-dev-laser-child', JSON_OBJECT('seedFamily', 'laser-child'), 'laser child baseline', 1, NOW(), 1, NOW(), 0),
    (202018192, 1, 7101, '??????', 202603192100560258, 'NF-LASER-202018192', '202018192', '123456', '202018192', '202018192', '123456', 'mqtt-json', 1, 1, 1, 1, '1.0.0', NULL, DATE_SUB(NOW(), INTERVAL 15 MINUTE), DATE_SUB(NOW(), INTERVAL 2 MINUTE), NULL, NULL, 'shared-dev-laser-child', JSON_OBJECT('seedFamily', 'laser-child'), 'laser child baseline', 1, NOW(), 1, NOW(), 0),
    (202018193, 1, 7101, '??????', 202603192100560258, 'NF-LASER-202018193', '202018193', '123456', '202018193', '202018193', '123456', 'mqtt-json', 1, 1, 1, 1, '1.0.0', NULL, DATE_SUB(NOW(), INTERVAL 15 MINUTE), DATE_SUB(NOW(), INTERVAL 2 MINUTE), NULL, NULL, 'shared-dev-laser-child', JSON_OBJECT('seedFamily', 'laser-child'), 'laser child baseline', 1, NOW(), 1, NOW(), 0),
    (202018194, 1, 7101, '??????', 202603192100560258, 'NF-LASER-202018194', '202018194', '123456', '202018194', '202018194', '123456', 'mqtt-json', 1, 1, 1, 1, '1.0.0', NULL, DATE_SUB(NOW(), INTERVAL 15 MINUTE), DATE_SUB(NOW(), INTERVAL 2 MINUTE), NULL, NULL, 'shared-dev-laser-child', JSON_OBJECT('seedFamily', 'laser-child'), 'laser child baseline', 1, NOW(), 1, NOW(), 0),
    (202018195, 1, 7101, '??????', 202603192100560258, 'NF-LASER-202018195', '202018195', '123456', '202018195', '202018195', '123456', 'mqtt-json', 1, 1, 1, 1, '1.0.0', NULL, DATE_SUB(NOW(), INTERVAL 15 MINUTE), DATE_SUB(NOW(), INTERVAL 2 MINUTE), NULL, NULL, 'shared-dev-laser-child', JSON_OBJECT('seedFamily', 'laser-child'), 'laser child baseline', 1, NOW(), 1, NOW(), 0),
    (202018196, 1, 7101, '??????', 202603192100560258, 'NF-LASER-202018196', '202018196', '123456', '202018196', '202018196', '123456', 'mqtt-json', 1, 1, 1, 1, '1.0.0', NULL, DATE_SUB(NOW(), INTERVAL 15 MINUTE), DATE_SUB(NOW(), INTERVAL 2 MINUTE), NULL, NULL, 'shared-dev-laser-child', JSON_OBJECT('seedFamily', 'laser-child'), 'laser child baseline', 1, NOW(), 1, NOW(), 0),
    (202018197, 1, 7101, '??????', 202603192100560258, 'NF-LASER-202018197', '202018197', '123456', '202018197', '202018197', '123456', 'mqtt-json', 1, 1, 1, 1, '1.0.0', NULL, DATE_SUB(NOW(), INTERVAL 15 MINUTE), DATE_SUB(NOW(), INTERVAL 2 MINUTE), NULL, NULL, 'shared-dev-laser-child', JSON_OBJECT('seedFamily', 'laser-child'), 'laser child baseline', 1, NOW(), 1, NOW(), 0),
    (202018198, 1, 7101, '??????', 202603192100560258, 'NF-LASER-202018198', '202018198', '123456', '202018198', '202018198', '123456', 'mqtt-json', 1, 1, 1, 1, '1.0.0', NULL, DATE_SUB(NOW(), INTERVAL 15 MINUTE), DATE_SUB(NOW(), INTERVAL 2 MINUTE), NULL, NULL, 'shared-dev-laser-child', JSON_OBJECT('seedFamily', 'laser-child'), 'laser child baseline', 1, NOW(), 1, NOW(), 0),
    (202018200, 1, 7101, '??????', 202603192100560258, 'NF-LASER-202018200', '202018200', '123456', '202018200', '202018200', '123456', 'mqtt-json', 1, 1, 1, 1, '1.0.0', NULL, DATE_SUB(NOW(), INTERVAL 15 MINUTE), DATE_SUB(NOW(), INTERVAL 2 MINUTE), NULL, NULL, 'shared-dev-laser-child', JSON_OBJECT('seedFamily', 'laser-child'), 'laser child baseline', 1, NOW(), 1, NOW(), 0),
    (202018201, 1, 7101, '??????', 202603192100560258, 'NF-LASER-202018201', '202018201', '123456', '202018201', '202018201', '123456', 'mqtt-json', 1, 1, 1, 1, '1.0.0', NULL, DATE_SUB(NOW(), INTERVAL 15 MINUTE), DATE_SUB(NOW(), INTERVAL 2 MINUTE), NULL, NULL, 'shared-dev-laser-child', JSON_OBJECT('seedFamily', 'laser-child'), 'laser child baseline', 1, NOW(), 1, NOW(), 0),
    (202018203, 1, 7101, '??????', 202603192100560258, 'NF-LASER-202018203', '202018203', '123456', '202018203', '202018203', '123456', 'mqtt-json', 1, 1, 1, 1, '1.0.0', NULL, DATE_SUB(NOW(), INTERVAL 15 MINUTE), DATE_SUB(NOW(), INTERVAL 2 MINUTE), NULL, NULL, 'shared-dev-laser-child', JSON_OBJECT('seedFamily', 'laser-child'), 'laser child baseline', 1, NOW(), 1, NOW(), 0),
    (84330619, 1, 7101, '??????', 202603192100560250, 'NF-DEEP-84330619', '84330619', '123456', '84330619', '84330619', '123456', 'mqtt-json', 1, 1, 1, 1, '1.0.0', NULL, DATE_SUB(NOW(), INTERVAL 15 MINUTE), DATE_SUB(NOW(), INTERVAL 2 MINUTE), NULL, NULL, 'shared-dev-deep-child', JSON_OBJECT('seedFamily', 'deep-child'), 'deep displacement child baseline', 1, NOW(), 1, NOW(), 0),
    (84330627, 1, 7101, '??????', 202603192100560250, 'NF-DEEP-84330627', '84330627', '123456', '84330627', '84330627', '123456', 'mqtt-json', 1, 1, 1, 1, '1.0.0', NULL, DATE_SUB(NOW(), INTERVAL 15 MINUTE), DATE_SUB(NOW(), INTERVAL 2 MINUTE), NULL, NULL, 'shared-dev-deep-child', JSON_OBJECT('seedFamily', 'deep-child'), 'deep displacement child baseline', 1, NOW(), 1, NOW(), 0),
    (84330630, 1, 7101, '??????', 202603192100560250, 'NF-DEEP-84330630', '84330630', '123456', '84330630', '84330630', '123456', 'mqtt-json', 1, 1, 1, 1, '1.0.0', NULL, DATE_SUB(NOW(), INTERVAL 15 MINUTE), DATE_SUB(NOW(), INTERVAL 2 MINUTE), NULL, NULL, 'shared-dev-deep-child', JSON_OBJECT('seedFamily', 'deep-child'), 'deep displacement child baseline', 1, NOW(), 1, NOW(), 0),
    (84330634, 1, 7101, '??????', 202603192100560250, 'NF-DEEP-84330634', '84330634', '123456', '84330634', '84330634', '123456', 'mqtt-json', 1, 1, 1, 1, '1.0.0', NULL, DATE_SUB(NOW(), INTERVAL 15 MINUTE), DATE_SUB(NOW(), INTERVAL 2 MINUTE), NULL, NULL, 'shared-dev-deep-child', JSON_OBJECT('seedFamily', 'deep-child'), 'deep displacement child baseline', 1, NOW(), 1, NOW(), 0),
    (84330635, 1, 7101, '??????', 202603192100560250, 'NF-DEEP-84330635', '84330635', '123456', '84330635', '84330635', '123456', 'mqtt-json', 1, 1, 1, 1, '1.0.0', NULL, DATE_SUB(NOW(), INTERVAL 15 MINUTE), DATE_SUB(NOW(), INTERVAL 2 MINUTE), NULL, NULL, 'shared-dev-deep-child', JSON_OBJECT('seedFamily', 'deep-child'), 'deep displacement child baseline', 1, NOW(), 1, NOW(), 0),
    (84330637, 1, 7101, '??????', 202603192100560250, 'NF-DEEP-84330637', '84330637', '123456', '84330637', '84330637', '123456', 'mqtt-json', 1, 1, 1, 1, '1.0.0', NULL, DATE_SUB(NOW(), INTERVAL 15 MINUTE), DATE_SUB(NOW(), INTERVAL 2 MINUTE), NULL, NULL, 'shared-dev-deep-child', JSON_OBJECT('seedFamily', 'deep-child'), 'deep displacement child baseline', 1, NOW(), 1, NOW(), 0),
    (84330640, 1, 7101, '??????', 202603192100560250, 'NF-DEEP-84330640', '84330640', '123456', '84330640', '84330640', '123456', 'mqtt-json', 1, 1, 1, 1, '1.0.0', NULL, DATE_SUB(NOW(), INTERVAL 15 MINUTE), DATE_SUB(NOW(), INTERVAL 2 MINUTE), NULL, NULL, 'shared-dev-deep-child', JSON_OBJECT('seedFamily', 'deep-child'), 'deep displacement child baseline', 1, NOW(), 1, NOW(), 0),
    (84330641, 1, 7101, '??????', 202603192100560250, 'NF-DEEP-84330641', '84330641', '123456', '84330641', '84330641', '123456', 'mqtt-json', 1, 1, 1, 1, '1.0.0', NULL, DATE_SUB(NOW(), INTERVAL 15 MINUTE), DATE_SUB(NOW(), INTERVAL 2 MINUTE), NULL, NULL, 'shared-dev-deep-child', JSON_OBJECT('seedFamily', 'deep-child'), 'deep displacement child baseline', 1, NOW(), 1, NOW(), 0),
    (84330643, 1, 7101, '??????', 202603192100560250, 'NF-DEEP-84330643', '84330643', '123456', '84330643', '84330643', '123456', 'mqtt-json', 1, 1, 1, 1, '1.0.0', NULL, DATE_SUB(NOW(), INTERVAL 15 MINUTE), DATE_SUB(NOW(), INTERVAL 2 MINUTE), NULL, NULL, 'shared-dev-deep-child', JSON_OBJECT('seedFamily', 'deep-child'), 'deep displacement child baseline', 1, NOW(), 1, NOW(), 0),
    (84330671, 1, 7101, '??????', 202603192100560250, 'NF-DEEP-84330671', '84330671', '123456', '84330671', '84330671', '123456', 'mqtt-json', 1, 1, 1, 1, '1.0.0', NULL, DATE_SUB(NOW(), INTERVAL 15 MINUTE), DATE_SUB(NOW(), INTERVAL 2 MINUTE), NULL, NULL, 'shared-dev-deep-child', JSON_OBJECT('seedFamily', 'deep-child'), 'deep displacement child baseline', 1, NOW(), 1, NOW(), 0),
    (84330672, 1, 7101, '??????', 202603192100560250, 'NF-DEEP-84330672', '84330672', '123456', '84330672', '84330672', '123456', 'mqtt-json', 1, 1, 1, 1, '1.0.0', NULL, DATE_SUB(NOW(), INTERVAL 15 MINUTE), DATE_SUB(NOW(), INTERVAL 2 MINUTE), NULL, NULL, 'shared-dev-deep-child', JSON_OBJECT('seedFamily', 'deep-child'), 'deep displacement child baseline', 1, NOW(), 1, NOW(), 0),
    (84330673, 1, 7101, '??????', 202603192100560250, 'NF-DEEP-84330673', '84330673', '123456', '84330673', '84330673', '123456', 'mqtt-json', 1, 1, 1, 1, '1.0.0', NULL, DATE_SUB(NOW(), INTERVAL 15 MINUTE), DATE_SUB(NOW(), INTERVAL 2 MINUTE), NULL, NULL, 'shared-dev-deep-child', JSON_OBJECT('seedFamily', 'deep-child'), 'deep displacement child baseline', 1, NOW(), 1, NOW(), 0),
    (84330674, 1, 7101, '??????', 202603192100560250, 'NF-DEEP-84330674', '84330674', '123456', '84330674', '84330674', '123456', 'mqtt-json', 1, 1, 1, 1, '1.0.0', NULL, DATE_SUB(NOW(), INTERVAL 15 MINUTE), DATE_SUB(NOW(), INTERVAL 2 MINUTE), NULL, NULL, 'shared-dev-deep-child', JSON_OBJECT('seedFamily', 'deep-child'), 'deep displacement child baseline', 1, NOW(), 1, NOW(), 0),
    (84330675, 1, 7101, '??????', 202603192100560250, 'NF-DEEP-84330675', '84330675', '123456', '84330675', '84330675', '123456', 'mqtt-json', 1, 1, 1, 1, '1.0.0', NULL, DATE_SUB(NOW(), INTERVAL 15 MINUTE), DATE_SUB(NOW(), INTERVAL 2 MINUTE), NULL, NULL, 'shared-dev-deep-child', JSON_OBJECT('seedFamily', 'deep-child'), 'deep displacement child baseline', 1, NOW(), 1, NOW(), 0),
    (84330676, 1, 7101, '??????', 202603192100560250, 'NF-DEEP-84330676', '84330676', '123456', '84330676', '84330676', '123456', 'mqtt-json', 1, 1, 1, 1, '1.0.0', NULL, DATE_SUB(NOW(), INTERVAL 15 MINUTE), DATE_SUB(NOW(), INTERVAL 2 MINUTE), NULL, NULL, 'shared-dev-deep-child', JSON_OBJECT('seedFamily', 'deep-child'), 'deep displacement child baseline', 1, NOW(), 1, NOW(), 0),
    (84330677, 1, 7101, '??????', 202603192100560250, 'NF-DEEP-84330677', '84330677', '123456', '84330677', '84330677', '123456', 'mqtt-json', 1, 1, 1, 1, '1.0.0', NULL, DATE_SUB(NOW(), INTERVAL 15 MINUTE), DATE_SUB(NOW(), INTERVAL 2 MINUTE), NULL, NULL, 'shared-dev-deep-child', JSON_OBJECT('seedFamily', 'deep-child'), 'deep displacement child baseline', 1, NOW(), 1, NOW(), 0),
    (84330686, 1, 7101, '??????', 202603192100560250, 'NF-DEEP-84330686', '84330686', '123456', '84330686', '84330686', '123456', 'mqtt-json', 1, 1, 1, 1, '1.0.0', NULL, DATE_SUB(NOW(), INTERVAL 15 MINUTE), DATE_SUB(NOW(), INTERVAL 2 MINUTE), NULL, NULL, 'shared-dev-deep-child', JSON_OBJECT('seedFamily', 'deep-child'), 'deep displacement child baseline', 1, NOW(), 1, NOW(), 0),
    (84330687, 1, 7101, '??????', 202603192100560250, 'NF-DEEP-84330687', '84330687', '123456', '84330687', '84330687', '123456', 'mqtt-json', 1, 1, 1, 1, '1.0.0', NULL, DATE_SUB(NOW(), INTERVAL 15 MINUTE), DATE_SUB(NOW(), INTERVAL 2 MINUTE), NULL, NULL, 'shared-dev-deep-child', JSON_OBJECT('seedFamily', 'deep-child'), 'deep displacement child baseline', 1, NOW(), 1, NOW(), 0),
    (84330691, 1, 7101, '??????', 202603192100560250, 'NF-DEEP-84330691', '84330691', '123456', '84330691', '84330691', '123456', 'mqtt-json', 1, 1, 1, 1, '1.0.0', NULL, DATE_SUB(NOW(), INTERVAL 15 MINUTE), DATE_SUB(NOW(), INTERVAL 2 MINUTE), NULL, NULL, 'shared-dev-deep-child', JSON_OBJECT('seedFamily', 'deep-child'), 'deep displacement child baseline', 1, NOW(), 1, NOW(), 0),
    (84330693, 1, 7101, '??????', 202603192100560250, 'NF-DEEP-84330693', '84330693', '123456', '84330693', '84330693', '123456', 'mqtt-json', 1, 1, 1, 1, '1.0.0', NULL, DATE_SUB(NOW(), INTERVAL 15 MINUTE), DATE_SUB(NOW(), INTERVAL 2 MINUTE), NULL, NULL, 'shared-dev-deep-child', JSON_OBJECT('seedFamily', 'deep-child'), 'deep displacement child baseline', 1, NOW(), 1, NOW(), 0),
    (84330695, 1, 7101, '??????', 202603192100560250, 'NF-DEEP-84330695', '84330695', '123456', '84330695', '84330695', '123456', 'mqtt-json', 1, 1, 1, 1, '1.0.0', NULL, DATE_SUB(NOW(), INTERVAL 15 MINUTE), DATE_SUB(NOW(), INTERVAL 2 MINUTE), NULL, NULL, 'shared-dev-deep-child', JSON_OBJECT('seedFamily', 'deep-child'), 'deep displacement child baseline', 1, NOW(), 1, NOW(), 0),
    (84330696, 1, 7101, '??????', 202603192100560250, 'NF-DEEP-84330696', '84330696', '123456', '84330696', '84330696', '123456', 'mqtt-json', 1, 1, 1, 1, '1.0.0', NULL, DATE_SUB(NOW(), INTERVAL 15 MINUTE), DATE_SUB(NOW(), INTERVAL 2 MINUTE), NULL, NULL, 'shared-dev-deep-child', JSON_OBJECT('seedFamily', 'deep-child'), 'deep displacement child baseline', 1, NOW(), 1, NOW(), 0),
    (84330697, 1, 7101, '??????', 202603192100560250, 'NF-DEEP-84330697', '84330697', '123456', '84330697', '84330697', '123456', 'mqtt-json', 1, 1, 1, 1, '1.0.0', NULL, DATE_SUB(NOW(), INTERVAL 15 MINUTE), DATE_SUB(NOW(), INTERVAL 2 MINUTE), NULL, NULL, 'shared-dev-deep-child', JSON_OBJECT('seedFamily', 'deep-child'), 'deep displacement child baseline', 1, NOW(), 1, NOW(), 0),
    (84330699, 1, 7101, '??????', 202603192100560250, 'NF-DEEP-84330699', '84330699', '123456', '84330699', '84330699', '123456', 'mqtt-json', 1, 1, 1, 1, '1.0.0', NULL, DATE_SUB(NOW(), INTERVAL 15 MINUTE), DATE_SUB(NOW(), INTERVAL 2 MINUTE), NULL, NULL, 'shared-dev-deep-child', JSON_OBJECT('seedFamily', 'deep-child'), 'deep displacement child baseline', 1, NOW(), 1, NOW(), 0),
    (84330701, 1, 7101, '??????', 202603192100560250, 'NF-DEEP-84330701', '84330701', '123456', '84330701', '84330701', '123456', 'mqtt-json', 1, 1, 1, 1, '1.0.0', NULL, DATE_SUB(NOW(), INTERVAL 15 MINUTE), DATE_SUB(NOW(), INTERVAL 2 MINUTE), NULL, NULL, 'shared-dev-deep-child', JSON_OBJECT('seedFamily', 'deep-child'), 'deep displacement child baseline', 1, NOW(), 1, NOW(), 0),
    (84330702, 1, 7101, '??????', 202603192100560250, 'NF-DEEP-84330702', '84330702', '123456', '84330702', '84330702', '123456', 'mqtt-json', 1, 1, 1, 1, '1.0.0', NULL, DATE_SUB(NOW(), INTERVAL 15 MINUTE), DATE_SUB(NOW(), INTERVAL 2 MINUTE), NULL, NULL, 'shared-dev-deep-child', JSON_OBJECT('seedFamily', 'deep-child'), 'deep displacement child baseline', 1, NOW(), 1, NOW(), 0),
    (84330705, 1, 7101, '??????', 202603192100560250, 'NF-DEEP-84330705', '84330705', '123456', '84330705', '84330705', '123456', 'mqtt-json', 1, 1, 1, 1, '1.0.0', NULL, DATE_SUB(NOW(), INTERVAL 15 MINUTE), DATE_SUB(NOW(), INTERVAL 2 MINUTE), NULL, NULL, 'shared-dev-deep-child', JSON_OBJECT('seedFamily', 'deep-child'), 'deep displacement child baseline', 1, NOW(), 1, NOW(), 0),
    (84330706, 1, 7101, '??????', 202603192100560250, 'NF-DEEP-84330706', '84330706', '123456', '84330706', '84330706', '123456', 'mqtt-json', 1, 1, 1, 1, '1.0.0', NULL, DATE_SUB(NOW(), INTERVAL 15 MINUTE), DATE_SUB(NOW(), INTERVAL 2 MINUTE), NULL, NULL, 'shared-dev-deep-child', JSON_OBJECT('seedFamily', 'deep-child'), 'deep displacement child baseline', 1, NOW(), 1, NOW(), 0),
    (84330707, 1, 7101, '??????', 202603192100560250, 'NF-DEEP-84330707', '84330707', '123456', '84330707', '84330707', '123456', 'mqtt-json', 1, 1, 1, 1, '1.0.0', NULL, DATE_SUB(NOW(), INTERVAL 15 MINUTE), DATE_SUB(NOW(), INTERVAL 2 MINUTE), NULL, NULL, 'shared-dev-deep-child', JSON_OBJECT('seedFamily', 'deep-child'), 'deep displacement child baseline', 1, NOW(), 1, NOW(), 0),
    (84330708, 1, 7101, '??????', 202603192100560250, 'NF-DEEP-84330708', '84330708', '123456', '84330708', '84330708', '123456', 'mqtt-json', 1, 1, 1, 1, '1.0.0', NULL, DATE_SUB(NOW(), INTERVAL 15 MINUTE), DATE_SUB(NOW(), INTERVAL 2 MINUTE), NULL, NULL, 'shared-dev-deep-child', JSON_OBJECT('seedFamily', 'deep-child'), 'deep displacement child baseline', 1, NOW(), 1, NOW(), 0),
    (84330709, 1, 7101, '??????', 202603192100560250, 'NF-DEEP-84330709', '84330709', '123456', '84330709', '84330709', '123456', 'mqtt-json', 1, 1, 1, 1, '1.0.0', NULL, DATE_SUB(NOW(), INTERVAL 15 MINUTE), DATE_SUB(NOW(), INTERVAL 2 MINUTE), NULL, NULL, 'shared-dev-deep-child', JSON_OBJECT('seedFamily', 'deep-child'), 'deep displacement child baseline', 1, NOW(), 1, NOW(), 0),
    (89908808, 1, 7101, '??????', 202603192100560250, 'NF-DEEP-89908808', '89908808', '123456', '89908808', '89908808', '123456', 'mqtt-json', 1, 1, 1, 1, '1.0.0', NULL, DATE_SUB(NOW(), INTERVAL 15 MINUTE), DATE_SUB(NOW(), INTERVAL 2 MINUTE), NULL, NULL, 'shared-dev-deep-child', JSON_OBJECT('seedFamily', 'deep-child'), 'deep displacement child baseline', 1, NOW(), 1, NOW(), 0)
ON DUPLICATE KEY UPDATE
    org_id = VALUES(org_id),
    org_name = VALUES(org_name),
    product_id = VALUES(product_id),
    device_name = VALUES(device_name),
    protocol_code = VALUES(protocol_code),
    online_status = VALUES(online_status),
    activate_status = VALUES(activate_status),
    device_status = VALUES(device_status),
    firmware_version = VALUES(firmware_version),
    ip_address = VALUES(ip_address),
    last_online_time = VALUES(last_online_time),
    last_report_time = VALUES(last_report_time),
    longitude = VALUES(longitude),
    latitude = VALUES(latitude),
    address = VALUES(address),
    metadata_json = VALUES(metadata_json),
    remark = VALUES(remark),
    update_by = 1,
    update_time = NOW(),
    deleted = 0;

INSERT INTO iot_device_relation (id, tenant_id, parent_device_id, parent_device_code, logical_channel_code, child_device_id, child_device_code, child_product_id, child_product_key, relation_type, canonicalization_strategy, status_mirror_strategy, enabled, remark, create_by, create_time, update_by, update_time, deleted) VALUES
    (202604110500001, 1, 202604110300001, 'SK00EA0D1307988', 'L1_LF_1', 202018108, '202018108', 202603192100560258, 'nf-monitor-laser-rangefinder-v1', 'collector_child', 'LF_VALUE', 'SENSOR_STATE', 1, 'shared dev collector child baseline', 1, NOW(), 1, NOW(), 0),
    (202604110500002, 1, 202604110300001, 'SK00EA0D1307988', 'L1_LF_2', 202018109, '202018109', 202603192100560258, 'nf-monitor-laser-rangefinder-v1', 'collector_child', 'LF_VALUE', 'SENSOR_STATE', 1, 'shared dev collector child baseline', 1, NOW(), 1, NOW(), 0),
    (202604110500003, 1, 202604110300001, 'SK00EA0D1307988', 'L1_LF_3', 202018110, '202018110', 202603192100560258, 'nf-monitor-laser-rangefinder-v1', 'collector_child', 'LF_VALUE', 'SENSOR_STATE', 1, 'shared dev collector child baseline', 1, NOW(), 1, NOW(), 0),
    (202604110500004, 1, 202604110300001, 'SK00EA0D1307988', 'L1_LF_4', 202018111, '202018111', 202603192100560258, 'nf-monitor-laser-rangefinder-v1', 'collector_child', 'LF_VALUE', 'SENSOR_STATE', 1, 'shared dev collector child baseline', 1, NOW(), 1, NOW(), 0),
    (202604110500005, 1, 202604110300001, 'SK00EA0D1307988', 'L1_LF_5', 202018112, '202018112', 202603192100560258, 'nf-monitor-laser-rangefinder-v1', 'collector_child', 'LF_VALUE', 'SENSOR_STATE', 1, 'shared dev collector child baseline', 1, NOW(), 1, NOW(), 0),
    (202604110500006, 1, 202604110300001, 'SK00EA0D1307988', 'L1_LF_6', 202018113, '202018113', 202603192100560258, 'nf-monitor-laser-rangefinder-v1', 'collector_child', 'LF_VALUE', 'SENSOR_STATE', 1, 'shared dev collector child baseline', 1, NOW(), 1, NOW(), 0),
    (202604110500007, 1, 202604110300001, 'SK00EA0D1307988', 'L1_LF_7', 202018114, '202018114', 202603192100560258, 'nf-monitor-laser-rangefinder-v1', 'collector_child', 'LF_VALUE', 'SENSOR_STATE', 1, 'shared dev collector child baseline', 1, NOW(), 1, NOW(), 0),
    (202604110500008, 1, 202604110300001, 'SK00EA0D1307988', 'L1_LF_8', 202018115, '202018115', 202603192100560258, 'nf-monitor-laser-rangefinder-v1', 'collector_child', 'LF_VALUE', 'SENSOR_STATE', 1, 'shared dev collector child baseline', 1, NOW(), 1, NOW(), 0),
    (202604110500009, 1, 202604110300001, 'SK00EA0D1307988', 'L1_LF_9', 202018116, '202018116', 202603192100560258, 'nf-monitor-laser-rangefinder-v1', 'collector_child', 'LF_VALUE', 'SENSOR_STATE', 1, 'shared dev collector child baseline', 1, NOW(), 1, NOW(), 0),
    (202604110500010, 1, 202604110300002, 'SK00EA0D1307967', 'L1_LF_1', 202018134, '202018134', 202603192100560258, 'nf-monitor-laser-rangefinder-v1', 'collector_child', 'LF_VALUE', 'SENSOR_STATE', 1, 'shared dev collector child baseline', 1, NOW(), 1, NOW(), 0),
    (202604110500011, 1, 202604110300002, 'SK00EA0D1307967', 'L1_LF_2', 202018123, '202018123', 202603192100560258, 'nf-monitor-laser-rangefinder-v1', 'collector_child', 'LF_VALUE', 'SENSOR_STATE', 1, 'shared dev collector child baseline', 1, NOW(), 1, NOW(), 0),
    (202604110500012, 1, 202604110300002, 'SK00EA0D1307967', 'L1_LF_3', 202018129, '202018129', 202603192100560258, 'nf-monitor-laser-rangefinder-v1', 'collector_child', 'LF_VALUE', 'SENSOR_STATE', 1, 'shared dev collector child baseline', 1, NOW(), 1, NOW(), 0),
    (202604110500013, 1, 202604110300002, 'SK00EA0D1307967', 'L1_LF_4', 202018122, '202018122', 202603192100560258, 'nf-monitor-laser-rangefinder-v1', 'collector_child', 'LF_VALUE', 'SENSOR_STATE', 1, 'shared dev collector child baseline', 1, NOW(), 1, NOW(), 0),
    (202604110500014, 1, 202604110300002, 'SK00EA0D1307967', 'L1_LF_5', 202018120, '202018120', 202603192100560258, 'nf-monitor-laser-rangefinder-v1', 'collector_child', 'LF_VALUE', 'SENSOR_STATE', 1, 'shared dev collector child baseline', 1, NOW(), 1, NOW(), 0),
    (202604110500015, 1, 202604110300002, 'SK00EA0D1307967', 'L1_LF_6', 202018138, '202018138', 202603192100560258, 'nf-monitor-laser-rangefinder-v1', 'collector_child', 'LF_VALUE', 'SENSOR_STATE', 1, 'shared dev collector child baseline', 1, NOW(), 1, NOW(), 0),
    (202604110500016, 1, 202604110300002, 'SK00EA0D1307967', 'L1_LF_7', 202018140, '202018140', 202603192100560258, 'nf-monitor-laser-rangefinder-v1', 'collector_child', 'LF_VALUE', 'SENSOR_STATE', 1, 'shared dev collector child baseline', 1, NOW(), 1, NOW(), 0),
    (202604110500017, 1, 202604110300002, 'SK00EA0D1307967', 'L1_LF_8', 202018125, '202018125', 202603192100560258, 'nf-monitor-laser-rangefinder-v1', 'collector_child', 'LF_VALUE', 'SENSOR_STATE', 1, 'shared dev collector child baseline', 1, NOW(), 1, NOW(), 0),
    (202604110500018, 1, 202604110300002, 'SK00EA0D1307967', 'L1_LF_9', 202018132, '202018132', 202603192100560258, 'nf-monitor-laser-rangefinder-v1', 'collector_child', 'LF_VALUE', 'SENSOR_STATE', 1, 'shared dev collector child baseline', 1, NOW(), 1, NOW(), 0),
    (202604110500019, 1, 202604110300003, 'SK00EA0D1307986', 'L1_LF_1', 202018143, '202018143', 202603192100560258, 'nf-monitor-laser-rangefinder-v1', 'collector_child', 'LF_VALUE', 'SENSOR_STATE', 1, 'shared dev collector child baseline', 1, NOW(), 1, NOW(), 0),
    (202604110500020, 1, 202604110300003, 'SK00EA0D1307986', 'L1_LF_2', 202018135, '202018135', 202603192100560258, 'nf-monitor-laser-rangefinder-v1', 'collector_child', 'LF_VALUE', 'SENSOR_STATE', 1, 'shared dev collector child baseline', 1, NOW(), 1, NOW(), 0),
    (202604110500021, 1, 202604110300003, 'SK00EA0D1307986', 'L1_LF_3', 202018121, '202018121', 202603192100560258, 'nf-monitor-laser-rangefinder-v1', 'collector_child', 'LF_VALUE', 'SENSOR_STATE', 1, 'shared dev collector child baseline', 1, NOW(), 1, NOW(), 0),
    (202604110500022, 1, 202604110300003, 'SK00EA0D1307986', 'L1_LF_4', 202018137, '202018137', 202603192100560258, 'nf-monitor-laser-rangefinder-v1', 'collector_child', 'LF_VALUE', 'SENSOR_STATE', 1, 'shared dev collector child baseline', 1, NOW(), 1, NOW(), 0),
    (202604110500023, 1, 202604110300003, 'SK00EA0D1307986', 'L1_LF_5', 202018142, '202018142', 202603192100560258, 'nf-monitor-laser-rangefinder-v1', 'collector_child', 'LF_VALUE', 'SENSOR_STATE', 1, 'shared dev collector child baseline', 1, NOW(), 1, NOW(), 0),
    (202604110500024, 1, 202604110300003, 'SK00EA0D1307986', 'L1_LF_6', 202018130, '202018130', 202603192100560258, 'nf-monitor-laser-rangefinder-v1', 'collector_child', 'LF_VALUE', 'SENSOR_STATE', 1, 'shared dev collector child baseline', 1, NOW(), 1, NOW(), 0),
    (202604110500025, 1, 202604110300003, 'SK00EA0D1307986', 'L1_LF_7', 202018127, '202018127', 202603192100560258, 'nf-monitor-laser-rangefinder-v1', 'collector_child', 'LF_VALUE', 'SENSOR_STATE', 1, 'shared dev collector child baseline', 1, NOW(), 1, NOW(), 0),
    (202604110500026, 1, 202604110300003, 'SK00EA0D1307986', 'L1_LF_8', 202018118, '202018118', 202603192100560258, 'nf-monitor-laser-rangefinder-v1', 'collector_child', 'LF_VALUE', 'SENSOR_STATE', 1, 'shared dev collector child baseline', 1, NOW(), 1, NOW(), 0),
    (202604110500027, 1, 202604110300003, 'SK00EA0D1307986', 'L1_LF_9', 202018139, '202018139', 202603192100560258, 'nf-monitor-laser-rangefinder-v1', 'collector_child', 'LF_VALUE', 'SENSOR_STATE', 1, 'shared dev collector child baseline', 1, NOW(), 1, NOW(), 0),
    (202604110500028, 1, 202604110300004, 'SK00EA0D1307987', 'L1_LF_1', 202018124, '202018124', 202603192100560258, 'nf-monitor-laser-rangefinder-v1', 'collector_child', 'LF_VALUE', 'SENSOR_STATE', 1, 'shared dev collector child baseline', 1, NOW(), 1, NOW(), 0),
    (202604110500029, 1, 202604110300004, 'SK00EA0D1307987', 'L1_LF_2', 202018131, '202018131', 202603192100560258, 'nf-monitor-laser-rangefinder-v1', 'collector_child', 'LF_VALUE', 'SENSOR_STATE', 1, 'shared dev collector child baseline', 1, NOW(), 1, NOW(), 0),
    (202604110500030, 1, 202604110300004, 'SK00EA0D1307987', 'L1_LF_3', 202018128, '202018128', 202603192100560258, 'nf-monitor-laser-rangefinder-v1', 'collector_child', 'LF_VALUE', 'SENSOR_STATE', 1, 'shared dev collector child baseline', 1, NOW(), 1, NOW(), 0),
    (202604110500031, 1, 202604110300004, 'SK00EA0D1307987', 'L1_LF_4', 202018117, '202018117', 202603192100560258, 'nf-monitor-laser-rangefinder-v1', 'collector_child', 'LF_VALUE', 'SENSOR_STATE', 1, 'shared dev collector child baseline', 1, NOW(), 1, NOW(), 0),
    (202604110500032, 1, 202604110300004, 'SK00EA0D1307987', 'L1_LF_5', 202018141, '202018141', 202603192100560258, 'nf-monitor-laser-rangefinder-v1', 'collector_child', 'LF_VALUE', 'SENSOR_STATE', 1, 'shared dev collector child baseline', 1, NOW(), 1, NOW(), 0),
    (202604110500033, 1, 202604110300004, 'SK00EA0D1307987', 'L1_LF_6', 202018133, '202018133', 202603192100560258, 'nf-monitor-laser-rangefinder-v1', 'collector_child', 'LF_VALUE', 'SENSOR_STATE', 1, 'shared dev collector child baseline', 1, NOW(), 1, NOW(), 0),
    (202604110500034, 1, 202604110300004, 'SK00EA0D1307987', 'L1_LF_7', 202018119, '202018119', 202603192100560258, 'nf-monitor-laser-rangefinder-v1', 'collector_child', 'LF_VALUE', 'SENSOR_STATE', 1, 'shared dev collector child baseline', 1, NOW(), 1, NOW(), 0),
    (202604110500035, 1, 202604110300004, 'SK00EA0D1307987', 'L1_LF_8', 202018126, '202018126', 202603192100560258, 'nf-monitor-laser-rangefinder-v1', 'collector_child', 'LF_VALUE', 'SENSOR_STATE', 1, 'shared dev collector child baseline', 1, NOW(), 1, NOW(), 0),
    (202604110500036, 1, 202604110300004, 'SK00EA0D1307987', 'L1_LF_9', 202018136, '202018136', 202603192100560258, 'nf-monitor-laser-rangefinder-v1', 'collector_child', 'LF_VALUE', 'SENSOR_STATE', 1, 'shared dev collector child baseline', 1, NOW(), 1, NOW(), 0),
    (202604110500037, 1, 202604110300005, 'SK00EA0D1308009', 'L1_LF_1', 202018189, '202018189', 202603192100560258, 'nf-monitor-laser-rangefinder-v1', 'collector_child', 'LF_VALUE', 'SENSOR_STATE', 1, 'shared dev collector child baseline', 1, NOW(), 1, NOW(), 0),
    (202604110500038, 1, 202604110300005, 'SK00EA0D1308009', 'L1_LF_2', 202018144, '202018144', 202603192100560258, 'nf-monitor-laser-rangefinder-v1', 'collector_child', 'LF_VALUE', 'SENSOR_STATE', 1, 'shared dev collector child baseline', 1, NOW(), 1, NOW(), 0),
    (202604110500039, 1, 202604110300005, 'SK00EA0D1308009', 'L1_LF_3', 202018145, '202018145', 202603192100560258, 'nf-monitor-laser-rangefinder-v1', 'collector_child', 'LF_VALUE', 'SENSOR_STATE', 1, 'shared dev collector child baseline', 1, NOW(), 1, NOW(), 0),
    (202604110500040, 1, 202604110300006, 'SK00EA0D1307984', 'L1_LF_1', 202018197, '202018197', 202603192100560258, 'nf-monitor-laser-rangefinder-v1', 'collector_child', 'LF_VALUE', 'SENSOR_STATE', 1, 'shared dev collector child baseline', 1, NOW(), 1, NOW(), 0),
    (202604110500041, 1, 202604110300006, 'SK00EA0D1307984', 'L1_LF_2', 202018193, '202018193', 202603192100560258, 'nf-monitor-laser-rangefinder-v1', 'collector_child', 'LF_VALUE', 'SENSOR_STATE', 1, 'shared dev collector child baseline', 1, NOW(), 1, NOW(), 0),
    (202604110500042, 1, 202604110300006, 'SK00EA0D1307984', 'L1_LF_3', 202018198, '202018198', 202603192100560258, 'nf-monitor-laser-rangefinder-v1', 'collector_child', 'LF_VALUE', 'SENSOR_STATE', 1, 'shared dev collector child baseline', 1, NOW(), 1, NOW(), 0),
    (202604110500043, 1, 202604110300007, 'SK00EA0D1308006', 'L1_LF_1', 202018186, '202018186', 202603192100560258, 'nf-monitor-laser-rangefinder-v1', 'collector_child', 'LF_VALUE', 'SENSOR_STATE', 1, 'shared dev collector child baseline', 1, NOW(), 1, NOW(), 0),
    (202604110500044, 1, 202604110300007, 'SK00EA0D1308006', 'L1_LF_2', 202018196, '202018196', 202603192100560258, 'nf-monitor-laser-rangefinder-v1', 'collector_child', 'LF_VALUE', 'SENSOR_STATE', 1, 'shared dev collector child baseline', 1, NOW(), 1, NOW(), 0),
    (202604110500045, 1, 202604110300007, 'SK00EA0D1308006', 'L1_LF_3', 202018194, '202018194', 202603192100560258, 'nf-monitor-laser-rangefinder-v1', 'collector_child', 'LF_VALUE', 'SENSOR_STATE', 1, 'shared dev collector child baseline', 1, NOW(), 1, NOW(), 0),
    (202604110500046, 1, 202604110300008, 'SK00EA0D1307968', 'L1_LF_1', 202018195, '202018195', 202603192100560258, 'nf-monitor-laser-rangefinder-v1', 'collector_child', 'LF_VALUE', 'SENSOR_STATE', 1, 'shared dev collector child baseline', 1, NOW(), 1, NOW(), 0),
    (202604110500047, 1, 202604110300008, 'SK00EA0D1307968', 'L1_LF_2', 202018192, '202018192', 202603192100560258, 'nf-monitor-laser-rangefinder-v1', 'collector_child', 'LF_VALUE', 'SENSOR_STATE', 1, 'shared dev collector child baseline', 1, NOW(), 1, NOW(), 0),
    (202604110500048, 1, 202604110300008, 'SK00EA0D1307968', 'L1_LF_3', 202018190, '202018190', 202603192100560258, 'nf-monitor-laser-rangefinder-v1', 'collector_child', 'LF_VALUE', 'SENSOR_STATE', 1, 'shared dev collector child baseline', 1, NOW(), 1, NOW(), 0),
    (202604110500049, 1, 202604110300009, 'SK00E90D1307874', 'L1_LF_1', 202018188, '202018188', 202603192100560258, 'nf-monitor-laser-rangefinder-v1', 'collector_child', 'LF_VALUE', 'SENSOR_STATE', 1, 'shared dev collector child baseline', 1, NOW(), 1, NOW(), 0),
    (202604110500050, 1, 202604110300009, 'SK00E90D1307874', 'L1_LF_2', 202018200, '202018200', 202603192100560258, 'nf-monitor-laser-rangefinder-v1', 'collector_child', 'LF_VALUE', 'SENSOR_STATE', 1, 'shared dev collector child baseline', 1, NOW(), 1, NOW(), 0),
    (202604110500051, 1, 202604110300009, 'SK00E90D1307874', 'L1_LF_3', 202018191, '202018191', 202603192100560258, 'nf-monitor-laser-rangefinder-v1', 'collector_child', 'LF_VALUE', 'SENSOR_STATE', 1, 'shared dev collector child baseline', 1, NOW(), 1, NOW(), 0),
    (202604110500052, 1, 202604110300010, 'SK00EA0D1307992', 'L1_LF_1', 202018187, '202018187', 202603192100560258, 'nf-monitor-laser-rangefinder-v1', 'collector_child', 'LF_VALUE', 'SENSOR_STATE', 1, 'shared dev collector child baseline', 1, NOW(), 1, NOW(), 0),
    (202604110500053, 1, 202604110300010, 'SK00EA0D1307992', 'L1_LF_2', 202018203, '202018203', 202603192100560258, 'nf-monitor-laser-rangefinder-v1', 'collector_child', 'LF_VALUE', 'SENSOR_STATE', 1, 'shared dev collector child baseline', 1, NOW(), 1, NOW(), 0),
    (202604110500054, 1, 202604110300010, 'SK00EA0D1307992', 'L1_LF_3', 202018201, '202018201', 202603192100560258, 'nf-monitor-laser-rangefinder-v1', 'collector_child', 'LF_VALUE', 'SENSOR_STATE', 1, 'shared dev collector child baseline', 1, NOW(), 1, NOW(), 0),
    (202604110500055, 1, 202604110300101, 'SK00FB0D1310195', 'L1_SW_1', 84330701, '84330701', 202603192100560250, 'nf-monitor-deep-displacement-v1', 'collector_child', 'LEGACY', 'SENSOR_STATE', 1, 'shared dev collector child baseline', 1, NOW(), 1, NOW(), 0),
    (202604110500056, 1, 202604110300101, 'SK00FB0D1310195', 'L1_SW_2', 84330695, '84330695', 202603192100560250, 'nf-monitor-deep-displacement-v1', 'collector_child', 'LEGACY', 'SENSOR_STATE', 1, 'shared dev collector child baseline', 1, NOW(), 1, NOW(), 0),
    (202604110500057, 1, 202604110300101, 'SK00FB0D1310195', 'L1_SW_3', 84330697, '84330697', 202603192100560250, 'nf-monitor-deep-displacement-v1', 'collector_child', 'LEGACY', 'SENSOR_STATE', 1, 'shared dev collector child baseline', 1, NOW(), 1, NOW(), 0),
    (202604110500058, 1, 202604110300101, 'SK00FB0D1310195', 'L1_SW_4', 84330699, '84330699', 202603192100560250, 'nf-monitor-deep-displacement-v1', 'collector_child', 'LEGACY', 'SENSOR_STATE', 1, 'shared dev collector child baseline', 1, NOW(), 1, NOW(), 0),
    (202604110500059, 1, 202604110300101, 'SK00FB0D1310195', 'L1_SW_5', 84330686, '84330686', 202603192100560250, 'nf-monitor-deep-displacement-v1', 'collector_child', 'LEGACY', 'SENSOR_STATE', 1, 'shared dev collector child baseline', 1, NOW(), 1, NOW(), 0),
    (202604110500060, 1, 202604110300101, 'SK00FB0D1310195', 'L1_SW_6', 84330687, '84330687', 202603192100560250, 'nf-monitor-deep-displacement-v1', 'collector_child', 'LEGACY', 'SENSOR_STATE', 1, 'shared dev collector child baseline', 1, NOW(), 1, NOW(), 0),
    (202604110500061, 1, 202604110300101, 'SK00FB0D1310195', 'L1_SW_7', 84330691, '84330691', 202603192100560250, 'nf-monitor-deep-displacement-v1', 'collector_child', 'LEGACY', 'SENSOR_STATE', 1, 'shared dev collector child baseline', 1, NOW(), 1, NOW(), 0),
    (202604110500062, 1, 202604110300101, 'SK00FB0D1310195', 'L1_SW_8', 84330696, '84330696', 202603192100560250, 'nf-monitor-deep-displacement-v1', 'collector_child', 'LEGACY', 'SENSOR_STATE', 1, 'shared dev collector child baseline', 1, NOW(), 1, NOW(), 0),
    (202604110500063, 1, 202604110300102, 'SK00FB0D1310216', 'L1_SW_1', 84330643, '84330643', 202603192100560250, 'nf-monitor-deep-displacement-v1', 'collector_child', 'LEGACY', 'SENSOR_STATE', 1, 'shared dev collector child baseline', 1, NOW(), 1, NOW(), 0),
    (202604110500064, 1, 202604110300102, 'SK00FB0D1310216', 'L1_SW_2', 84330640, '84330640', 202603192100560250, 'nf-monitor-deep-displacement-v1', 'collector_child', 'LEGACY', 'SENSOR_STATE', 1, 'shared dev collector child baseline', 1, NOW(), 1, NOW(), 0),
    (202604110500065, 1, 202604110300102, 'SK00FB0D1310216', 'L1_SW_3', 84330637, '84330637', 202603192100560250, 'nf-monitor-deep-displacement-v1', 'collector_child', 'LEGACY', 'SENSOR_STATE', 1, 'shared dev collector child baseline', 1, NOW(), 1, NOW(), 0),
    (202604110500066, 1, 202604110300102, 'SK00FB0D1310216', 'L1_SW_4', 84330673, '84330673', 202603192100560250, 'nf-monitor-deep-displacement-v1', 'collector_child', 'LEGACY', 'SENSOR_STATE', 1, 'shared dev collector child baseline', 1, NOW(), 1, NOW(), 0),
    (202604110500067, 1, 202604110300102, 'SK00FB0D1310216', 'L1_SW_5', 84330674, '84330674', 202603192100560250, 'nf-monitor-deep-displacement-v1', 'collector_child', 'LEGACY', 'SENSOR_STATE', 1, 'shared dev collector child baseline', 1, NOW(), 1, NOW(), 0),
    (202604110500068, 1, 202604110300102, 'SK00FB0D1310216', 'L1_SW_6', 84330675, '84330675', 202603192100560250, 'nf-monitor-deep-displacement-v1', 'collector_child', 'LEGACY', 'SENSOR_STATE', 1, 'shared dev collector child baseline', 1, NOW(), 1, NOW(), 0),
    (202604110500069, 1, 202604110300102, 'SK00FB0D1310216', 'L1_SW_7', 84330672, '84330672', 202603192100560250, 'nf-monitor-deep-displacement-v1', 'collector_child', 'LEGACY', 'SENSOR_STATE', 1, 'shared dev collector child baseline', 1, NOW(), 1, NOW(), 0),
    (202604110500070, 1, 202604110300102, 'SK00FB0D1310216', 'L1_SW_8', 84330677, '84330677', 202603192100560250, 'nf-monitor-deep-displacement-v1', 'collector_child', 'LEGACY', 'SENSOR_STATE', 1, 'shared dev collector child baseline', 1, NOW(), 1, NOW(), 0),
    (202604110500071, 1, 202604110300103, 'SK00FB0D1310215', 'L1_SW_1', 84330671, '84330671', 202603192100560250, 'nf-monitor-deep-displacement-v1', 'collector_child', 'LEGACY', 'SENSOR_STATE', 1, 'shared dev collector child baseline', 1, NOW(), 1, NOW(), 0),
    (202604110500072, 1, 202604110300103, 'SK00FB0D1310215', 'L1_SW_2', 84330641, '84330641', 202603192100560250, 'nf-monitor-deep-displacement-v1', 'collector_child', 'LEGACY', 'SENSOR_STATE', 1, 'shared dev collector child baseline', 1, NOW(), 1, NOW(), 0),
    (202604110500073, 1, 202604110300103, 'SK00FB0D1310215', 'L1_SW_3', 84330635, '84330635', 202603192100560250, 'nf-monitor-deep-displacement-v1', 'collector_child', 'LEGACY', 'SENSOR_STATE', 1, 'shared dev collector child baseline', 1, NOW(), 1, NOW(), 0),
    (202604110500074, 1, 202604110300103, 'SK00FB0D1310215', 'L1_SW_4', 84330630, '84330630', 202603192100560250, 'nf-monitor-deep-displacement-v1', 'collector_child', 'LEGACY', 'SENSOR_STATE', 1, 'shared dev collector child baseline', 1, NOW(), 1, NOW(), 0),
    (202604110500075, 1, 202604110300103, 'SK00FB0D1310215', 'L1_SW_5', 84330627, '84330627', 202603192100560250, 'nf-monitor-deep-displacement-v1', 'collector_child', 'LEGACY', 'SENSOR_STATE', 1, 'shared dev collector child baseline', 1, NOW(), 1, NOW(), 0),
    (202604110500076, 1, 202604110300103, 'SK00FB0D1310215', 'L1_SW_6', 84330619, '84330619', 202603192100560250, 'nf-monitor-deep-displacement-v1', 'collector_child', 'LEGACY', 'SENSOR_STATE', 1, 'shared dev collector child baseline', 1, NOW(), 1, NOW(), 0),
    (202604110500077, 1, 202604110300103, 'SK00FB0D1310215', 'L1_SW_7', 84330676, '84330676', 202603192100560250, 'nf-monitor-deep-displacement-v1', 'collector_child', 'LEGACY', 'SENSOR_STATE', 1, 'shared dev collector child baseline', 1, NOW(), 1, NOW(), 0),
    (202604110500078, 1, 202604110300103, 'SK00FB0D1310215', 'L1_SW_8', 84330634, '84330634', 202603192100560250, 'nf-monitor-deep-displacement-v1', 'collector_child', 'LEGACY', 'SENSOR_STATE', 1, 'shared dev collector child baseline', 1, NOW(), 1, NOW(), 0),
    (202604110500079, 1, 202604110300104, 'SK00FB0D1310000', 'L1_SW_1', 84330693, '84330693', 202603192100560250, 'nf-monitor-deep-displacement-v1', 'collector_child', 'LEGACY', 'SENSOR_STATE', 1, 'shared dev collector child baseline', 1, NOW(), 1, NOW(), 0),
    (202604110500080, 1, 202604110300104, 'SK00FB0D1310000', 'L1_SW_2', 84330707, '84330707', 202603192100560250, 'nf-monitor-deep-displacement-v1', 'collector_child', 'LEGACY', 'SENSOR_STATE', 1, 'shared dev collector child baseline', 1, NOW(), 1, NOW(), 0),
    (202604110500081, 1, 202604110300104, 'SK00FB0D1310000', 'L1_SW_3', 84330705, '84330705', 202603192100560250, 'nf-monitor-deep-displacement-v1', 'collector_child', 'LEGACY', 'SENSOR_STATE', 1, 'shared dev collector child baseline', 1, NOW(), 1, NOW(), 0),
    (202604110500082, 1, 202604110300104, 'SK00FB0D1310000', 'L1_SW_4', 84330708, '84330708', 202603192100560250, 'nf-monitor-deep-displacement-v1', 'collector_child', 'LEGACY', 'SENSOR_STATE', 1, 'shared dev collector child baseline', 1, NOW(), 1, NOW(), 0),
    (202604110500083, 1, 202604110300104, 'SK00FB0D1310000', 'L1_SW_5', 84330706, '84330706', 202603192100560250, 'nf-monitor-deep-displacement-v1', 'collector_child', 'LEGACY', 'SENSOR_STATE', 1, 'shared dev collector child baseline', 1, NOW(), 1, NOW(), 0),
    (202604110500084, 1, 202604110300104, 'SK00FB0D1310000', 'L1_SW_6', 84330702, '84330702', 202603192100560250, 'nf-monitor-deep-displacement-v1', 'collector_child', 'LEGACY', 'SENSOR_STATE', 1, 'shared dev collector child baseline', 1, NOW(), 1, NOW(), 0),
    (202604110500085, 1, 202604110300104, 'SK00FB0D1310000', 'L1_SW_7', 84330709, '84330709', 202603192100560250, 'nf-monitor-deep-displacement-v1', 'collector_child', 'LEGACY', 'SENSOR_STATE', 1, 'shared dev collector child baseline', 1, NOW(), 1, NOW(), 0),
    (202604110500086, 1, 202604110300104, 'SK00FB0D1310000', 'L1_SW_8', 89908808, '89908808', 202603192100560250, 'nf-monitor-deep-displacement-v1', 'collector_child', 'LEGACY', 'SENSOR_STATE', 1, 'shared dev collector child baseline', 1, NOW(), 1, NOW(), 0)
ON DUPLICATE KEY UPDATE
    parent_device_id = VALUES(parent_device_id),
    parent_device_code = VALUES(parent_device_code),
    child_device_id = VALUES(child_device_id),
    child_device_code = VALUES(child_device_code),
    child_product_id = VALUES(child_product_id),
    child_product_key = VALUES(child_product_key),
    relation_type = VALUES(relation_type),
    canonicalization_strategy = VALUES(canonicalization_strategy),
    status_mirror_strategy = VALUES(status_mirror_strategy),
    enabled = VALUES(enabled),
    remark = VALUES(remark),
    update_by = 1,
    update_time = NOW(),
    deleted = 0;

INSERT INTO iot_device_property (id, tenant_id, device_id, identifier, property_name, property_value, value_type, report_time, create_time, update_time) VALUES
    (202604110700001, 1, 202604110300003, 'temp', '??', '20.31', 'double', DATE_SUB(NOW(), INTERVAL 2 MINUTE), NOW(), NOW()),
    (202604110700002, 1, 202604110300003, 'humidity', '??', '89.04', 'double', DATE_SUB(NOW(), INTERVAL 2 MINUTE), NOW(), NOW()),
    (202604110700003, 1, 202604110300003, 'signal_4g', '4G????', '-71', 'int', DATE_SUB(NOW(), INTERVAL 2 MINUTE), NOW(), NOW()),
    (202604110700004, 1, 202604110300101, 'temp', '??', '19.82', 'double', DATE_SUB(NOW(), INTERVAL 2 MINUTE), NOW(), NOW()),
    (202604110700005, 1, 202604110300101, 'humidity', '??', '71.55', 'double', DATE_SUB(NOW(), INTERVAL 2 MINUTE), NOW(), NOW()),
    (202604110700006, 1, 202604110300101, 'signal_4g', '4G????', '-69', 'int', DATE_SUB(NOW(), INTERVAL 2 MINUTE), NOW(), NOW()),
    (202604110700007, 1, 202604110300201, 'dispsX', '??????????', '-0.0166', 'double', DATE_SUB(NOW(), INTERVAL 2 MINUTE), NOW(), NOW()),
    (202604110700008, 1, 202604110300201, 'dispsY', '???????????', '-0.0368', 'double', DATE_SUB(NOW(), INTERVAL 2 MINUTE), NOW(), NOW()),
    (202604110700009, 1, 202604110300201, 'sensor_state', '?????', '0', 'int', DATE_SUB(NOW(), INTERVAL 2 MINUTE), NOW(), NOW()),
    (202604110700010, 1, 202018143, 'value', '?????', '10.86', 'double', DATE_SUB(NOW(), INTERVAL 1 MINUTE), NOW(), NOW()),
    (202604110700011, 1, 202018143, 'sensor_state', '?????', '0', 'int', DATE_SUB(NOW(), INTERVAL 1 MINUTE), NOW(), NOW()),
    (202604110700012, 1, 202018135, 'value', '?????', '6.95', 'double', DATE_SUB(NOW(), INTERVAL 1 MINUTE), NOW(), NOW()),
    (202604110700013, 1, 202018135, 'sensor_state', '?????', '0', 'int', DATE_SUB(NOW(), INTERVAL 1 MINUTE), NOW(), NOW()),
    (202604110700014, 1, 202018121, 'value', '?????', '2473.72', 'double', DATE_SUB(NOW(), INTERVAL 1 MINUTE), NOW(), NOW()),
    (202604110700015, 1, 202018121, 'sensor_state', '?????', '0', 'int', DATE_SUB(NOW(), INTERVAL 1 MINUTE), NOW(), NOW()),
    (202604110700016, 1, 202018137, 'value', '?????', '2473.72', 'double', DATE_SUB(NOW(), INTERVAL 1 MINUTE), NOW(), NOW()),
    (202604110700017, 1, 202018137, 'sensor_state', '?????', '0', 'int', DATE_SUB(NOW(), INTERVAL 1 MINUTE), NOW(), NOW()),
    (202604110700018, 1, 202018142, 'value', '?????', '6.73', 'double', DATE_SUB(NOW(), INTERVAL 1 MINUTE), NOW(), NOW()),
    (202604110700019, 1, 202018142, 'sensor_state', '?????', '0', 'int', DATE_SUB(NOW(), INTERVAL 1 MINUTE), NOW(), NOW()),
    (202604110700020, 1, 202018130, 'value', '?????', '2473.72', 'double', DATE_SUB(NOW(), INTERVAL 1 MINUTE), NOW(), NOW()),
    (202604110700021, 1, 202018130, 'sensor_state', '?????', '0', 'int', DATE_SUB(NOW(), INTERVAL 1 MINUTE), NOW(), NOW()),
    (202604110700022, 1, 202018127, 'value', '?????', '2473.72', 'double', DATE_SUB(NOW(), INTERVAL 1 MINUTE), NOW(), NOW()),
    (202604110700023, 1, 202018127, 'sensor_state', '?????', '0', 'int', DATE_SUB(NOW(), INTERVAL 1 MINUTE), NOW(), NOW()),
    (202604110700024, 1, 202018118, 'value', '?????', '6.82', 'double', DATE_SUB(NOW(), INTERVAL 1 MINUTE), NOW(), NOW()),
    (202604110700025, 1, 202018118, 'sensor_state', '?????', '0', 'int', DATE_SUB(NOW(), INTERVAL 1 MINUTE), NOW(), NOW()),
    (202604110700026, 1, 202018139, 'value', '?????', '10.8', 'double', DATE_SUB(NOW(), INTERVAL 1 MINUTE), NOW(), NOW()),
    (202604110700027, 1, 202018139, 'sensor_state', '?????', '0', 'int', DATE_SUB(NOW(), INTERVAL 1 MINUTE), NOW(), NOW()),
    (202604110700028, 1, 84330701, 'dispsX', '??????????', '-0.0446', 'double', DATE_SUB(NOW(), INTERVAL 1 MINUTE), NOW(), NOW()),
    (202604110700029, 1, 84330701, 'dispsY', '???????????', '0.0293', 'double', DATE_SUB(NOW(), INTERVAL 1 MINUTE), NOW(), NOW()),
    (202604110700030, 1, 84330701, 'sensor_state', '?????', '0', 'int', DATE_SUB(NOW(), INTERVAL 1 MINUTE), NOW(), NOW()),
    (202604110700031, 1, 84330695, 'dispsX', '??????????', '-0.0295', 'double', DATE_SUB(NOW(), INTERVAL 1 MINUTE), NOW(), NOW()),
    (202604110700032, 1, 84330695, 'dispsY', '???????????', '0.0328', 'double', DATE_SUB(NOW(), INTERVAL 1 MINUTE), NOW(), NOW()),
    (202604110700033, 1, 84330695, 'sensor_state', '?????', '0', 'int', DATE_SUB(NOW(), INTERVAL 1 MINUTE), NOW(), NOW()),
    (202604110700034, 1, 84330697, 'dispsX', '??????????', '-0.0255', 'double', DATE_SUB(NOW(), INTERVAL 1 MINUTE), NOW(), NOW()),
    (202604110700035, 1, 84330697, 'dispsY', '???????????', '0.0403', 'double', DATE_SUB(NOW(), INTERVAL 1 MINUTE), NOW(), NOW()),
    (202604110700036, 1, 84330697, 'sensor_state', '?????', '0', 'int', DATE_SUB(NOW(), INTERVAL 1 MINUTE), NOW(), NOW()),
    (202604110700037, 1, 84330699, 'dispsX', '??????????', '-0.0173', 'double', DATE_SUB(NOW(), INTERVAL 1 MINUTE), NOW(), NOW()),
    (202604110700038, 1, 84330699, 'dispsY', '???????????', '0.0422', 'double', DATE_SUB(NOW(), INTERVAL 1 MINUTE), NOW(), NOW()),
    (202604110700039, 1, 84330699, 'sensor_state', '?????', '0', 'int', DATE_SUB(NOW(), INTERVAL 1 MINUTE), NOW(), NOW()),
    (202604110700040, 1, 84330686, 'dispsX', '??????????', '-0.0249', 'double', DATE_SUB(NOW(), INTERVAL 1 MINUTE), NOW(), NOW()),
    (202604110700041, 1, 84330686, 'dispsY', '???????????', '0.0272', 'double', DATE_SUB(NOW(), INTERVAL 1 MINUTE), NOW(), NOW()),
    (202604110700042, 1, 84330686, 'sensor_state', '?????', '0', 'int', DATE_SUB(NOW(), INTERVAL 1 MINUTE), NOW(), NOW()),
    (202604110700043, 1, 84330687, 'dispsX', '??????????', '-0.0235', 'double', DATE_SUB(NOW(), INTERVAL 1 MINUTE), NOW(), NOW()),
    (202604110700044, 1, 84330687, 'dispsY', '???????????', '0.0108', 'double', DATE_SUB(NOW(), INTERVAL 1 MINUTE), NOW(), NOW()),
    (202604110700045, 1, 84330687, 'sensor_state', '?????', '0', 'int', DATE_SUB(NOW(), INTERVAL 1 MINUTE), NOW(), NOW()),
    (202604110700046, 1, 84330691, 'dispsX', '??????????', '-0.0365', 'double', DATE_SUB(NOW(), INTERVAL 1 MINUTE), NOW(), NOW()),
    (202604110700047, 1, 84330691, 'dispsY', '???????????', '0.0009', 'double', DATE_SUB(NOW(), INTERVAL 1 MINUTE), NOW(), NOW()),
    (202604110700048, 1, 84330691, 'sensor_state', '?????', '0', 'int', DATE_SUB(NOW(), INTERVAL 1 MINUTE), NOW(), NOW()),
    (202604110700049, 1, 84330696, 'dispsX', '??????????', '-0.0453', 'double', DATE_SUB(NOW(), INTERVAL 1 MINUTE), NOW(), NOW()),
    (202604110700050, 1, 84330696, 'dispsY', '???????????', '-0.0164', 'double', DATE_SUB(NOW(), INTERVAL 1 MINUTE), NOW(), NOW()),
    (202604110700051, 1, 84330696, 'sensor_state', '?????', '0', 'int', DATE_SUB(NOW(), INTERVAL 1 MINUTE), NOW(), NOW())
ON DUPLICATE KEY UPDATE
    property_name = VALUES(property_name),
    property_value = VALUES(property_value),
    value_type = VALUES(value_type),
    report_time = VALUES(report_time),
    update_time = NOW();
